Workbook

Sheet Data
A1: Mã hồ sơ / ClaimID | B1: Tên bệnh nhân / PatientName | C1: Có bảo hiểm / HasInsurance | D1: Tên bác sĩ / DoctorName | E1: Khoa / Department | F1: Trong bảo hiểm / CoveredByInsurance | G1: Số tiền yêu cầu thanh toán VND / ClaimAmountVND | H1: Tên dịch vụ / ProcedureName | I1: Mã ICD10 / DiagnosisCode | J1: Chẩn đoán / DiagnosisName | K1: Tuổi / PatientAge | L1: Giới tính / PatientGender | M1: Thu nhập / PatientIncome | N1: Tình trạng hôn nhân / PatientMaritalStatus | O1: Tình trạng việc làm / PatientEmploymentStatus | P1: Ngày hồ sơ / ClaimDate | Q1: Loại hồ sơ / ClaimType | R1: Phương thức nộp / ClaimSubmissionMethod | S1: Địa điểm provider / ProviderLocation | T1: Trạng thái hồ sơ gốc / SourceClaimStatus | U1: ClaimLegitimacy nguồn / SourceClaimLegitimacy | V1: Cluster nguồn / SourceCluster | W1: SourcePatientID | X1: SourceProviderID | Y1: SourceProcedureCode | Z1: SourceDiagnosisCode | AA1: Điểm suy luận có BH / InsuranceInferenceScore | AB1: Điểm suy luận covered / CoverageInferenceScore | AC1: Logic tạo dữ liệu / DataDerivationNote | AD1: Formula has_insurance_status | AE1: Formula covered_status | AF1: Formula review_flag
A2: 4d76c7f7-d36a-4139-b451-a9a4ad10d7d5 | B2: BN-00001 / Patient 19CF2638 | C2: Có | D2: BS. Trần An | E2: Chấn thương chỉnh hình / Orthopedics | F2: Không | G2: 7820520 | H2: Đo mật độ xương / Bone density scan | I2: M81.0 | J2: Loãng xương / Osteoporosis | K2: 96 | L2: F | M2: 57595.11 | N2: Single | O2: Employed | P2: 45481 | Q2: Inpatient | R2: Paper | S2: New Alishaview | T2: Pending | U2: Legitimate | V2: 3 | W2: 19cf2638-3ec0-4ed9-9995-d9ba4553813a | X2: a3d0cc80-dffe-40ff-a302-23c8ffeedb36 | Y2: iO013 | Z2: Ta150 | AA2: 0.86 | AB2: 0.09 | AC2: Derived from original claim row: HasInsurance uses PatientEmploymentStatus/ClaimType/SubmissionMethod/Income/Age; CoveredByInsurance uses SourceClaimStatus + procedure sensitivity/high-cost + claim type + doctor pattern. | AD2: =IF(OR(C2="Có",C2="Yes"),"yes",IF(OR(C2="Không",C2="No"),"no","unknown")) | AE2: =IF(OR(F2="Có",F2="Yes"),"covered",IF(OR(F2="Không",F2="No"),"out_of_insurance","unknown")) | AF2: =IF(AND(AD2="yes",AE2="out_of_insurance"),"REVIEW","")
A3: e35193b4-3609-492b-866a-98de19317e9c | B3: BN-00002 / Patient 5C4BB6C5 | C3: Có | D3: BS. Nguyễn Minh | E3: Tim mạch / Cardiology | F3: Không | G3: 5453860 | H3: CRP định lượng / CRP | I3: R79.8 | J3: Bất thường xét nghiệm máu / Abnormal blood chemistry | K3: 95 | L3: M | M3: 140772.72 | N3: Widowed | O3: Employed | P3: 45481 | Q3: Inpatient | R3: Online | S3: East Curtis | T3: Denied | U3: Legitimate | V3: 2 | W3: 5c4bb6c5-4dd3-4a86-85fa-f36c0d8debff | X3: a9f25acf-92b8-45e2-9cef-87bd07d0a591 | Y3: jR349 | Z3: Fo766 | AA3: 0.78 | AB3: 0.02 | AC3: Derived from original claim row: HasInsurance uses PatientEmploymentStatus/ClaimType/SubmissionMethod/Income/Age; CoveredByInsurance uses SourceClaimStatus + procedure sensitivity/high-cost + claim type + doctor pattern. | AD3: =IF(OR(C3="Có",C3="Yes"),"yes",IF(OR(C3="Không",C3="No"),"no","unknown")) | AE3: =IF(OR(F3="Có",F3="Yes"),"covered",IF(OR(F3="Không",F3="No"),"out_of_insurance","unknown")) | AF3: =IF(AND(AD3="yes",AE3="out_of_insurance"),"REVIEW","")
A4: 1f3fa373-25ed-4ff4-b6c7-38dcb2fb297f | B4: BN-00003 / Patient 777866E0 | C4: Có | D4: BS. Trương Khải | E4: Tim mạch / Cardiology | F4: Không | G4: 8229860 | H4: Đông máu PT/aPTT / Coagulation test | I4: I24.9 | J4: Bệnh tim thiếu máu cục bộ cấp / Acute ischemic heart disease | K4: 10 | L4: M | M4: 69803.19 | N4: Married | O4: Student | P4: 45481 | Q4: Emergency | R4: Online | S4: Lake Jennifer | T4: Pending | U4: Legitimate | V4: 3 | W4: 777866e0-4d10-45a8-a7b4-dbdaa26d5a81 | X4: 951b1e08-9948-4956-80e5-9277f16bd290 | Y4: uU479 | Z4: AX876 | AA4: 0.63 | AB4: 0.28 | AC4: Derived from original claim row: HasInsurance uses PatientEmploymentStatus/ClaimType/SubmissionMethod/Income/Age; CoveredByInsurance uses SourceClaimStatus + procedure sensitivity/high-cost + claim type + doctor pattern. | AD4: =IF(OR(C4="Có",C4="Yes"),"yes",IF(OR(C4="Không",C4="No"),"no","unknown")) | AE4: =IF(OR(F4="Có",F4="Yes"),"covered",IF(OR(F4="Không",F4="No"),"out_of_insurance","unknown")) | AF4: =IF(AND(AD4="yes",AE4="out_of_insurance"),"REVIEW","")
A5: af6a68f4-8319-47b1-a28b-77de01572851 | B5: BN-00004 / Patient 9D7C53EE | C5: Có | D5: BS. Nguyễn Minh | E5: Tim mạch / Cardiology | F5: Không | G5: 9519160 | H5: Đông máu PT/aPTT / Coagulation test | I5: I24.9 | J5: Bệnh tim thiếu máu cục bộ cấp / Acute ischemic heart disease | K5: 59 | L5: F | M5: 135530.12 | N5: Married | O5: Employed | P5: 45481 | Q5: Routine | R5: Phone | S5: Martinstad | T5: Pending | U5: Legitimate | V5: 2 | W5: 9d7c53ee-eb1a-4f07-9e3a-e86cf82e9f0f | X5: de9e193a-f9a1-4d63-9345-aefe75694628 | Y5: Xs264 | Z5: SQ441 | AA5: 0.66 | AB5: 0.02 | AC5: Derived from original claim row: HasInsurance uses PatientEmploymentStatus/ClaimType/SubmissionMethod/Income/Age; CoveredByInsurance uses SourceClaimStatus + procedure sensitivity/high-cost + claim type + doctor pattern. | AD5: =IF(OR(C5="Có",C5="Yes"),"yes",IF(OR(C5="Không",C5="No"),"no","unknown")) | AE5: =IF(OR(F5="Có",F5="Yes"),"covered",IF(OR(F5="Không",F5="No"),"out_of_insurance","unknown")) | AF5: =IF(AND(AD5="yes",AE5="out_of_insurance"),"REVIEW","")
A6: 417fe944-79d2-4610-81c4-a2d496f29ee4 | B6: BN-00005 / Patient DB14B0CA | C6: Có | D6: BS. Lưu Quang | E6: Thần kinh / Neurology | F6: Có | G6: 3226150 | H6: Khám chuyên khoa thần kinh / Neurology consultation | I6: R51 | J6: Đau đầu / Headache | K6: 36 | L6: F | M6: 36995.52 | N6: Divorced | O6: Unemployed | P6: 45481 | Q6: Inpatient | R6: Phone | S6: Thomasfurt | T6: Approved | U6: Legitimate | V6: 1 | W6: db14b0ca-ac2a-4e83-b085-947ea32e7587 | X6: 5c7d7045-71b6-4c15-937c-43e4cfe65bf4 | Y6: PV476 | Z6: FK970 | AA6: 0.69 | AB6: 0.88 | AC6: Derived from original claim row: HasInsurance uses PatientEmploymentStatus/ClaimType/SubmissionMethod/Income/Age; CoveredByInsurance uses SourceClaimStatus + procedure sensitivity/high-cost + claim type + doctor pattern. | AD6: =IF(OR(C6="Có",C6="Yes"),"yes",IF(OR(C6="Không",C6="No"),"no","unknown")) | AE6: =IF(OR(F6="Có",F6="Yes"),"covered",IF(OR(F6="Không",F6="No"),"out_of_insurance","unknown")) | AF6: =IF(AND(AD6="yes",AE6="out_of_insurance"),"REVIEW","")
A7: 41c69c3f-7b63-435c-841f-97633264a347 | B7: BN-00006 / Patient 9CABA0E6 | C7: Không | D7: BS. Hoàng Phúc | E7: Tim mạch / Cardiology | F7: Không | G7: 3476560 | H7: Troponin I định lượng / Troponin I | I7: R07.9 | J7: Đau ngực nghi hội chứng mạch vành / Chest pain, ACS rule-out | K7: 26 | L7: F | M7: 96819.09 | N7: Divorced | O7: Retired | P7: 45480 | Q7: Outpatient | R7: Paper | S7: North Michael | T7: Denied | U7: Legitimate | V7: 0 | W7: 9caba0e6-334d-4132-9330-1c1adaa82d11 | X7: 11ff25ad-29c9-493b-a356-cb0c6a8f41a6 | Y7: Am159 | Z7: ZE958 | AA7: 0.7 | AB7: 0.05 | AC7: Derived from original claim row: HasInsurance uses PatientEmploymentStatus/ClaimType/SubmissionMethod/Income/Age; CoveredByInsurance uses SourceClaimStatus + procedure sensitivity/high-cost + claim type + doctor pattern. | AD7: =IF(OR(C7="Có",C7="Yes"),"yes",IF(OR(C7="Không",C7="No"),"no","unknown")) | AE7: =IF(OR(F7="Có",F7="Yes"),"covered",IF(OR(F7="Không",F7="No"),"out_of_insurance","unknown")) | AF7: =IF(AND(AD7="yes",AE7="out_of_insurance"),"REVIEW","")
A8: 80a92d69-9d51-476c-8d1d-0ea35a7081a9 | B8: BN-00007 / Patient C4DAF0C4 | C8: Có | D8: BS. Phạm Khoa | E8: Thần kinh / Neurology | F8: Không | G8: 6468550 | H8: CT sọ não / Brain CT | I8: R51 | J8: Đau đầu chưa rõ nguyên nhân / Headache unspecified | K8: 3 | L8: M | M8: 117271.04 | N8: Married | O8: Employed | P8: 45480 | Q8: Emergency | R8: Paper | S8: West Paul | T8: Denied | U8: Legitimate | V8: 2 | W8: c4daf0c4-8d67-4aba-97db-442a948db4d3 | X8: 19d62078-bb03-4473-8815-5f814c12b5c8 | Y8: vm240 | Z8: hg131 | AA8: 0.77 | AB8: 0.02 | AC8: Derived from original claim row: HasInsurance uses PatientEmploymentStatus/ClaimType/SubmissionMethod/Income/Age; CoveredByInsurance uses SourceClaimStatus + procedure sensitivity/high-cost + claim type + doctor pattern. | AD8: =IF(OR(C8="Có",C8="Yes"),"yes",IF(OR(C8="Không",C8="No"),"no","unknown")) | AE8: =IF(OR(F8="Có",F8="Yes"),"covered",IF(OR(F8="Không",F8="No"),"out_of_insurance","unknown")) | AF8: =IF(AND(AD8="yes",AE8="out_of_insurance"),"REVIEW","")
A9: 31c804c9-110c-4c26-bf38-2638b9e29526 | B9: BN-00008 / Patient 71D7C4AC | C9: Có | D9: BS. Huỳnh Mai | E9: Nhi / Pediatrics | F9: Không | G9: 350000 | H9: HbA1c | I9: E11.9 | J9: Đái tháo đường type 2 / Type 2 diabetes mellitus | K9: 99 | L9: M | M9: 125318.21 | N9: Widowed | O9: Employed | P9: 45480 | Q9: Inpatient | R9: Paper | S9: Ambermouth | T9: Denied | U9: Legitimate | V9: 2 | W9: 71d7c4ac-c608-4392-8f71-83ce85d00595 | X9: c1bfab96-0df6-4a49-96e1-236bd3c6a7b5 | Y9: eD733 | Z9: Xa559 | AA9: 0.74 | AB9: 0.06 | AC9: Derived from original claim row: HasInsurance uses PatientEmploymentStatus/ClaimType/SubmissionMethod/Income/Age; CoveredByInsurance uses SourceClaimStatus + procedure sensitivity/high-cost + claim type + doctor pattern. | AD9: =IF(OR(C9="Có",C9="Yes"),"yes",IF(OR(C9="Không",C9="No"),"no","unknown")) | AE9: =IF(OR(F9="Có",F9="Yes"),"covered",IF(OR(F9="Không",F9="No"),"out_of_insurance","unknown")) | AF9: =IF(AND(AD9="yes",AE9="out_of_insurance"),"REVIEW","")
A10: 25d801f8-d141-4131-9f1f-0c63360b4302 | B10: BN-00009 / Patient 919F254E | C10: Có | D10: BS. Phạm Khoa | E10: Thần kinh / Neurology | F10: Không | G10: 4661710 | H10: MRI não / Brain MRI | I10: G44.1 | J10: Hội chứng đau đầu mạch máu / Vascular headache | K10: 57 | L10: F | M10: 24263.98 | N10: Widowed | O10: Employed | P10: 45480 | Q10: Inpatient | R10: Paper | S10: Larsonville | T10: Pending | U10: Legitimate | V10: 1 | W10: 919f254e-a7eb-41da-8f14-b2ee11aad6da | X10: 8d1a5376-5ea6-42e6-beec-2c1313a30a49 | Y10: uq058 | Z10: Sj663 | AA10: 0.85 | AB10: 0.02 | AC10: Derived from original claim row: HasInsurance uses PatientEmploymentStatus/ClaimType/SubmissionMethod/Income/Age; CoveredByInsurance uses SourceClaimStatus + procedure sensitivity/high-cost + claim type + doctor pattern. | AD10: =IF(OR(C10="Có",C10="Yes"),"yes",IF(OR(C10="Không",C10="No"),"no","unknown")) | AE10: =IF(OR(F10="Có",F10="Yes"),"covered",IF(OR(F10="Không",F10="No"),"out_of_insurance","unknown")) | AF10: =IF(AND(AD10="yes",AE10="out_of_insurance"),"REVIEW","")
A11: 8b5172a0-9aab-439a-9e3f-d0af5f2a1b6b | B11: BN-00010 / Patient 6D707925 | C11: Không | D11: BS. Đỗ Hạnh | E11: Nhi / Pediatrics | F11: Không | G11: 9638640 | H11: CRP định lượng / CRP | I11: J18.9 | J11: Nghi viêm phổi / Suspected pneumonia | K11: 91 | L11: M | M11: 78191.1 | N11: Widowed | O11: Unemployed | P11: 45480 | Q11: Outpatient | R11: Phone | S11: South Jessicabury | T11: Approved | U11: Legitimate | V11: 3 | W11: 6d707925-803e-42b8-af6e-e77d9f45dd8a | X11: ed55392c-f9e3-469c-9367-00df827b1cf6 | Y11: Gw549 | Z11: Qu671 | AA11: 0.63 | AB11: 0.05 | AC11: Derived from original claim row: HasInsurance uses PatientEmploymentStatus/ClaimType/SubmissionMethod/Income/Age; CoveredByInsurance uses SourceClaimStatus + procedure sensitivity/high-cost + claim type + doctor pattern. | AD11: =IF(OR(C11="Có",C11="Yes"),"yes",IF(OR(C11="Không",C11="No"),"no","unknown")) | AE11: =IF(OR(F11="Có",F11="Yes"),"covered",IF(OR(F11="Không",F11="No"),"out_of_insurance","unknown")) | AF11: =IF(AND(AD11="yes",AE11="out_of_insurance"),"REVIEW","")
A12: 8280ceb3-5e5e-422b-b292-4c200e770e55 | B12: BN-00011 / Patient 5F67A286 | C12: Có | D12: BS. Bùi Hà | E12: Khám tổng quát / General Practice | F12: Chưa rõ | G12: 4808400 | H12: Glucose máu / Blood glucose | I12: R73.9 | J12: Tăng glucose máu / Hyperglycemia | K12: 23 | L12: M | M12: 137214.94 | N12: Married | O12: Student | P12: 45480 | Q12: Outpatient | R12: Online | S12: Timothyshire | T12: Pending | U12: Legitimate | V12: 2 | W12: 5f67a286-cb4c-44c7-9a2a-6eb4b0ae426f | X12: 94c39b96-e407-4daa-a15b-b1cfd56bec90 | Y12: jX265 | Z12: hi217 | AA12: 0.48 | AB12: 0.26 | AC12: Derived from original claim row: HasInsurance uses PatientEmploymentStatus/ClaimType/SubmissionMethod/Income/Age; CoveredByInsurance uses SourceClaimStatus + procedure sensitivity/high-cost + claim type + doctor pattern. | AD12: =IF(OR(C12="Có",C12="Yes"),"yes",IF(OR(C12="Không",C12="No"),"no","unknown")) | AE12: =IF(OR(F12="Có",F12="Yes"),"covered",IF(OR(F12="Không",F12="No"),"out_of_insurance","unknown")) | AF12: =IF(AND(AD12="yes",AE12="out_of_insurance"),"REVIEW","")
A13: 10f62863-4e13-4ad8-8345-775f25b72134 | B13: BN-00012 / Patient 811515B3 | C13: Có | D13: BS. Hà Nam | E13: Chấn thương chỉnh hình / Orthopedics | F13: Chưa rõ | G13: 7549440 | H13: CT cột sống thắt lưng / Lumbar spine CT | I13: M54.5 | J13: Đau thắt lưng / Low back pain | K13: 24 | L13: F | M13: 123904.58 | N13: Single | O13: Unemployed | P13: 45480 | Q13: Outpatient | R13: Online | S13: Mirandaland | T13: Pending | U13: Legitimate | V13: 2 | W13: 811515b3-858c-493a-9e30-0f4cf6d2ed2d | X13: 1bf63333-eed0-404c-afe4-39fc3135728d | Y13: ND467 | Z13: EC314 | AA13: 0.48 | AB13: 0.16 | AC13: Derived from original claim row: HasInsurance uses PatientEmploymentStatus/ClaimType/SubmissionMethod/Income/Age; CoveredByInsurance uses SourceClaimStatus + procedure sensitivity/high-cost + claim type + doctor pattern. | AD13: =IF(OR(C13="Có",C13="Yes"),"yes",IF(OR(C13="Không",C13="No"),"no","unknown")) | AE13: =IF(OR(F13="Có",F13="Yes"),"covered",IF(OR(F13="Không",F13="No"),"out_of_insurance","unknown")) | AF13: =IF(AND(AD13="yes",AE13="out_of_insurance"),"REVIEW","")
... A27: 2082ed1f-7813-45b2-a9dc-500f448030a7 | B27: BN-00026 / Patient 9D8DC859 | C27: Không | D27: BS. Hoàng Phúc | E27: Tim mạch / Cardiology | F27: Không | G27: 7368100 | H27: Đông máu PT/aPTT / Coagulation test | I27: I24.9 | J27: Bệnh tim thiếu máu cục bộ cấp / Acute ischemic heart disease | K27: 77 | L27: F | M27: 23246.22 | N27: Widowed | O27: Student | P27: 45477 | Q27: Routine | R27: Paper | S27: West Ryan | T27: Denied | U27: Legitimate | V27: 1 | W27: 9d8dc859-7907-40e2-b557-64a023b25e1b | X27: 9791fb7b-4214-4f50-9935-f570536ab28b | Y27: UZ482 | Z27: oa422 | AA27: 0.57 | AB27: 0.05 | AC27: Derived from original claim row: HasInsurance uses PatientEmploymentStatus/ClaimType/SubmissionMethod/Income/Age; CoveredByInsurance uses SourceClaimStatus + procedure sensitivity/high-cost + claim type + doctor pattern. | AD27: =IF(OR(C27="Có",C27="Yes"),"yes",IF(OR(C27="Không",C27="No"),"no","unknown")) | AE27: =IF(OR(F27="Có",F27="Yes"),"covered",IF(OR(F27="Không",F27="No"),"out_of_insurance","unknown")) | AF27: =IF(AND(AD27="yes",AE27="out_of_insurance"),"REVIEW","")
A28: 3a3387e2-33dc-4cce-ab5e-6100792ee5e1 | B28: BN-00027 / Patient 4548BADE | C28: Có | D28: BS. Hà Nam | E28: Chấn thương chỉnh hình / Orthopedics | F28: Không | G28: 3871420 | H28: CT cột sống thắt lưng / Lumbar spine CT | J28: Thiếu ICD/context rõ / Missing clear ICD/context | K28: 74 | L28: M | M28: 80354.63 | N28: Divorced | O28: Unemployed | P28: 45477 | Q28: Inpatient | R28: Phone | S28: Kimton | T28: Denied | U28: Legitimate | V28: 3 | W28: 4548bade-b3e3-4657-a445-8744ab81acb0 | X28: 8903c76d-3f84-47c6-a8bc-10a97263e045 | Y28: KR330 | Z28: YQ337 | AA28: 0.6 | AB28: 0.02 | AC28: Derived from original claim row: HasInsurance uses PatientEmploymentStatus/ClaimType/SubmissionMethod/Income/Age; CoveredByInsurance uses SourceClaimStatus + procedure sensitivity/high-cost + claim type + doctor pattern. | AD28: =IF(OR(C28="Có",C28="Yes"),"yes",IF(OR(C28="Không",C28="No"),"no","unknown")) | AE28: =IF(OR(F28="Có",F28="Yes"),"covered",IF(OR(F28="Không",F28="No"),"out_of_insurance","unknown")) | AF28: =IF(AND(AD28="yes",AE28="out_of_insurance"),"REVIEW","")
A29: 74232dc0-6102-4141-a091-523670ba223f | B29: BN-00028 / Patient 0D40B2A2 | C29: Có | D29: BS. Huỳnh Mai | E29: Nhi / Pediatrics | F29: Có | G29: 6045120 | H29: CRP định lượng / CRP | I29: J18.9 | J29: Nghi viêm phổi / Suspected pneumonia | K29: 17 | L29: F | M29: 23792.19 | N29: Single | O29: Employed | P29: 45476 | Q29: Emergency | R29: Phone | S29: Ryanport | T29: Pending | U29: Legitimate | V29: 1 | W29: 0d40b2a2-9e12-49b3-81a7-7eac635ba6df | X29: 3fdca2a5-b49b-4566-9074-4ffbe0d9fd98 | Y29: Ps882 | Z29: PJ904 | AA29: 0.85 | AB29: 0.38 | AC29: Derived from original claim row: HasInsurance uses PatientEmploymentStatus/ClaimType/SubmissionMethod/Income/Age; CoveredByInsurance uses SourceClaimStatus + procedure sensitivity/high-cost + claim type + doctor pattern. | AD29: =IF(OR(C29="Có",C29="Yes"),"yes",IF(OR(C29="Không",C29="No"),"no","unknown")) | AE29: =IF(OR(F29="Có",F29="Yes"),"covered",IF(OR(F29="Không",F29="No"),"out_of_insurance","unknown")) | AF29: =IF(AND(AD29="yes",AE29="out_of_insurance"),"REVIEW","")
A30: 76bf4dbb-0ba0-43d9-a57d-6ef2b8b6ecb2 | B30: BN-00029 / Patient 4DB169BD | C30: Có | D30: BS. Trần An | E30: Chấn thương chỉnh hình / Orthopedics | F30: Không | G30: 6758760 | H30: Đo mật độ xương / Bone density scan | I30: M81.0 | J30: Loãng xương / Osteoporosis | K30: 65 | L30: M | M30: 109264.56 | N30: Widowed | O30: Unemployed | P30: 45476 | Q30: Outpatient | R30: Online | S30: Michaelberg | T30: Pending | U30: Legitimate | V30: 0 | W30: 4db169bd-5011-41f4-a541-d75205e1f416 | X30: af8dddd2-84e2-44e8-a7ed-52b4e66ec0f2 | Y30: Rp360 | Z30: OV896 | AA30: 0.61 | AB30: 0.03 | AC30: Derived from original claim row: HasInsurance uses PatientEmploymentStatus/ClaimType/SubmissionMethod/Income/Age; CoveredByInsurance uses SourceClaimStatus + procedure sensitivity/high-cost + claim type + doctor pattern. | AD30: =IF(OR(C30="Có",C30="Yes"),"yes",IF(OR(C30="Không",C30="No"),"no","unknown")) | AE30: =IF(OR(F30="Có",F30="Yes"),"covered",IF(OR(F30="Không",F30="No"),"out_of_insurance","unknown")) | AF30: =IF(AND(AD30="yes",AE30="out_of_insurance"),"REVIEW","")
A31: 6f795a62-0499-4587-80d0-2f4ea285c946 | B31: BN-00030 / Patient DA04979F | C31: Có | D31: BS. Võ Huy | E31: Chấn thương chỉnh hình / Orthopedics | F31: Có | G31: 7430710 | H31: MRI khớp gối / Knee MRI | I31: M25.5 | J31: Đau khớp gối / Knee pain | K31: 23 | L31: M | M31: 128019.92 | N31: Married | O31: Employed | P31: 45476 | Q31: Outpatient | R31: Paper | S31: Molinahaven | T31: Approved | U31: Legitimate | V31: 2 | W31: da04979f-8887-415e-a9bd-95a5678260ce | X31: 1a5be5c8-0505-4138-b91d-b108241f851c | Y31: kY698 | Z31: zp790 | AA31: 0.72 | AB31: 0.6 | AC31: Derived from original claim row: HasInsurance uses PatientEmploymentStatus/ClaimType/SubmissionMethod/Income/Age; CoveredByInsurance uses SourceClaimStatus + procedure sensitivity/high-cost + claim type + doctor pattern. | AD31: =IF(OR(C31="Có",C31="Yes"),"yes",IF(OR(C31="Không",C31="No"),"no","unknown")) | AE31: =IF(OR(F31="Có",F31="Yes"),"covered",IF(OR(F31="Không",F31="No"),"out_of_insurance","unknown")) | AF31: =IF(AND(AD31="yes",AE31="out_of_insurance"),"REVIEW","")
A32: 9a08463a-7088-46d8-b6d2-cfeaad233f49 | B32: BN-00031 / Patient B171B654 | C32: Có | D32: BS. Đỗ Hạnh | E32: Nhi / Pediatrics | F32: Có | G32: 4384880 | H32: Khám nhi / Pediatric consultation | I32: J06.9 | J32: Viêm hô hấp trên cấp / Acute upper respiratory infection | K32: 5 | L32: M | M32: 104381.93 | N32: Divorced | O32: Student | P32: 45476 | Q32: Outpatient | R32: Online | S32: Port Trevor | T32: Approved | U32: Legitimate | V32: 0 | W32: b171b654-a175-4232-a6ec-a70a804d8bed | X32: 26814c12-8c23-42f9-9c98-94695a7f7ce1 | Y32: yW675 | Z32: vq560 | AA32: 0.62 | AB32: 0.82 | AC32: Derived from original claim row: HasInsurance uses PatientEmploymentStatus/ClaimType/SubmissionMethod/Income/Age; CoveredByInsurance uses SourceClaimStatus + procedure sensitivity/high-cost + claim type + doctor pattern. | AD32: =IF(OR(C32="Có",C32="Yes"),"yes",IF(OR(C32="Không",C32="No"),"no","unknown")) | AE32: =IF(OR(F32="Có",F32="Yes"),"covered",IF(OR(F32="Không",F32="No"),"out_of_insurance","unknown")) | AF32: =IF(AND(AD32="yes",AE32="out_of_insurance"),"REVIEW","")
A33: 060714aa-6270-4dda-9c55-5119378ea5ef | B33: BN-00032 / Patient 6354E321 | C33: Có | D33: BS. Lâm Sơn | E33: Khám tổng quát / General Practice | F33: Không | G33: 8872330 | H33: CRP định lượng / CRP | I33: R79.8 | J33: Bất thường xét nghiệm máu / Abnormal blood chemistry | K33: 88 | L33: M | M33: 98794.25 | N33: Single | O33: Unemployed | P33: 45476 | Q33: Inpatient | R33: Paper | S33: West Andrea | T33: Approved | U33: Legitimate | V33: 0 | W33: 6354e321-a478-4234-9957-706effa06dfa | X33: bcd7a8e2-e93e-4dad-97b6-9f20026fda8a | Y33: ae399 | Z33: MU447 | AA33: 0.7 | AB33: 0.66 | AC33: Derived from original claim row: HasInsurance uses PatientEmploymentStatus/ClaimType/SubmissionMethod/Income/Age; CoveredByInsurance uses SourceClaimStatus + procedure sensitivity/high-cost + claim type + doctor pattern. | AD33: =IF(OR(C33="Có",C33="Yes"),"yes",IF(OR(C33="Không",C33="No"),"no","unknown")) | AE33: =IF(OR(F33="Có",F33="Yes"),"covered",IF(OR(F33="Không",F33="No"),"out_of_insurance","unknown")) | AF33: =IF(AND(AD33="yes",AE33="out_of_insurance"),"REVIEW","")
A34: 60bab648-d33f-4885-9a2a-b05f92f5196f | B34: BN-00033 / Patient 4513605A | C34: Có | D34: BS. Võ Huy | E34: Chấn thương chỉnh hình / Orthopedics | F34: Không | G34: 1200000 | H34: CT cột sống thắt lưng / Lumbar spine CT | I34: M54.5 | J34: Đau thắt lưng / Low back pain | K34: 56 | L34: M | M34: 61948.88 | N34: Married | O34: Student | P34: 45475 | Q34: Emergency | R34: Phone | S34: North Kyle | T34: Pending | U34: Legitimate | V34: 3 | W34: 4513605a-3c23-49b9-abea-479a72169ca8 | X34: 5fcfab50-4bd3-4bbc-8bdc-42394eecb032 | Y34: SY139 | Z34: fq674 | AA34: 0.59 | AB34: 0.28 | AC34: Derived from original claim row: HasInsurance uses PatientEmploymentStatus/ClaimType/SubmissionMethod/Income/Age; CoveredByInsurance uses SourceClaimStatus + procedure sensitivity/high-cost + claim type + doctor pattern. | AD34: =IF(OR(C34="Có",C34="Yes"),"yes",IF(OR(C34="Không",C34="No"),"no","unknown")) | AE34: =IF(OR(F34="Có",F34="Yes"),"covered",IF(OR(F34="Không",F34="No"),"out_of_insurance","unknown")) | AF34: =IF(AND(AD34="yes",AE34="out_of_insurance"),"REVIEW","")
A35: 6089b08a-dd39-4cba-9ba3-fe4ccc9326b0 | B35: BN-00034 / Patient 350C1B2C | C35: Có | D35: BS. Hoàng Phúc | E35: Tim mạch / Cardiology | F35: Không | G35: 4030450 | H35: Đông máu PT/aPTT / Coagulation test | I35: I24.9 | J35: Bệnh tim thiếu máu cục bộ cấp / Acute ischemic heart disease | K35: 64 | L35: F | M35: 48508.39 | N35: Widowed | O35: Retired | P35: 45475 | Q35: Emergency | R35: Phone | S35: Lake Ronald | T35: Denied | U35: Legitimate | V35: 1 | W35: 350c1b2c-dce5-4c0f-8dd0-98638624d22d | X35: 29424123-1a99-4c70-a4e0-e50562aebf35 | Y35: rn473 | Z35: Wa731 | AA35: 0.77 | AB35: 0.12 | AC35: Derived from original claim row: HasInsurance uses PatientEmploymentStatus/ClaimType/SubmissionMethod/Income/Age; CoveredByInsurance uses SourceClaimStatus + procedure sensitivity/high-cost + claim type + doctor pattern. | AD35: =IF(OR(C35="Có",C35="Yes"),"yes",IF(OR(C35="Không",C35="No"),"no","unknown")) | AE35: =IF(OR(F35="Có",F35="Yes"),"covered",IF(OR(F35="Không",F35="No"),"out_of_insurance","unknown")) | AF35: =IF(AND(AD35="yes",AE35="out_of_insurance"),"REVIEW","")
A36: 1d62a811-7da1-4c9d-8b0f-5c155699e993 | B36: BN-00035 / Patient BA8579FB | C36: Có | D36: BS. Huỳnh Mai | E36: Nhi / Pediatrics | F36: Không | G36: 7511590 | H36: CRP định lượng / CRP | I36: J18.9 | J36: Nghi viêm phổi / Suspected pneumonia | K36: 52 | L36: M | M36: 83932.78 | N36: Single | O36: Student | P36: 45475 | Q36: Outpatient | R36: Online | S36: Hortonshire | T36: Denied | U36: Legitimate | V36: 3 | W36: ba8579fb-0750-4603-a938-10db06efee50 | X36: 503979af-a5d8-468b-a88c-786b9f4b126f | Y36: Ec911 | Z36: RN098 | AA36: 0.52 | AB36: 0.02 | AC36: Derived from original claim row: HasInsurance uses PatientEmploymentStatus/ClaimType/SubmissionMethod/Income/Age; CoveredByInsurance uses SourceClaimStatus + procedure sensitivity/high-cost + claim type + doctor pattern. | AD36: =IF(OR(C36="Có",C36="Yes"),"yes",IF(OR(C36="Không",C36="No"),"no","unknown")) | AE36: =IF(OR(F36="Có",F36="Yes"),"covered",IF(OR(F36="Không",F36="No"),"out_of_insurance","unknown")) | AF36: =IF(AND(AD36="yes",AE36="out_of_insurance"),"REVIEW","")
A37: 70089c16-6f54-40bc-b401-4f275c93afe9 | B37: BN-00036 / Patient D88B3B68 | C37: Có | D37: BS. Trương Khải | E37: Tim mạch / Cardiology | F37: Chưa rõ | G37: 4298890 | H37: Siêu âm tim / Echocardiography | I37: I50.9 | J37: Suy tim / Heart failure | K37: 26 | L37: F | M37: 26794.93 | N37: Divorced | O37: Retired | P37: 45474 | Q37: Outpatient | R37: Paper | S37: Maysview | T37: Pending | U37: Legitimate | V37: 1 | W37: d88b3b68-edaa-4eeb-bc09-035a98e3404c | X37: c1d5795e-0e32-4f98-86f5-4d3e9e24da8d | Y37: zU515 | Z37: kV404 | AA37: 0.78 | AB37: 0.28 | AC37: Derived from original claim row: HasInsurance uses PatientEmploymentStatus/ClaimType/SubmissionMethod/Income/Age; CoveredByInsurance uses SourceClaimStatus + procedure sensitivity/high-cost + claim type + doctor pattern. | AD37: =IF(OR(C37="Có",C37="Yes"),"yes",IF(OR(C37="Không",C37="No"),"no","unknown")) | AE37: =IF(OR(F37="Có",F37="Yes"),"covered",IF(OR(F37="Không",F37="No"),"out_of_insurance","unknown")) | AF37: =IF(AND(AD37="yes",AE37="out_of_insurance"),"REVIEW","")
A38: 90da07cb-33bd-434f-a93b-a1404cf90339 | B38: BN-00037 / Patient 5E6D3AB0 | C38: Có | D38: BS. Nguyễn Minh | E38: Tim mạch / Cardiology | F38: Không | G38: 8319180 | H38: Siêu âm tim / Echocardiography | I38: I50.9 | J38: Suy tim / Heart failure | K38: 87 | L38: F | M38: 73669.12 | N38: Divorced | O38: Retired | P38: 45474 | Q38: Inpatient | R38: Paper | S38: Mcintoshstad | T38: Denied | U38: Legitimate | V38: 3 | W38: 5e6d3ab0-4bc1-455a-9663-4ee46eb979ef | X38: 4bdf658b-fab3-4ecb-ae6c-2610110fccf3 | Y38: gd395 | Z38: yp250 | AA38: 0.82 | AB38: 0.02 | AC38: Derived from original claim row: HasInsurance uses PatientEmploymentStatus/ClaimType/SubmissionMethod/Income/Age; CoveredByInsurance uses SourceClaimStatus + procedure sensitivity/high-cost + claim type + doctor pattern. | AD38: =IF(OR(C38="Có",C38="Yes"),"yes",IF(OR(C38="Không",C38="No"),"no","unknown")) | AE38: =IF(OR(F38="Có",F38="Yes"),"covered",IF(OR(F38="Không",F38="No"),"out_of_insurance","unknown")) | AF38: =IF(AND(AD38="yes",AE38="out_of_insurance"),"REVIEW","")
A39: 6aea7e62-b7d1-44c1-b750-ec46f3711a07 | B39: BN-00038 / Patient 7183469E | C39: Có | D39: BS. Huỳnh Mai | E39: Nhi / Pediatrics | F39: Không | G39: 6701960 | H39: Glucose máu / Blood glucose | J39: Thiếu ICD/context rõ / Missing clear ICD/context | K39: 91 | L39: M | M39: 72461.32 | N39: Married | O39: Retired | P39: 45474 | Q39: Outpatient | R39: Online | S39: Woodberg | T39: Denied | U39: Legitimate | V39: 3 | W39: 7183469e-9b60-4c10-86c4-81bdf75d5701 | X39: d2fa1e72-938b-4efe-8574-81ed8488f727 | Y39: tZ954 | Z39: OW435 | AA39: 0.79 | AB39: 0.02 | AC39: Derived from original claim row: HasInsurance uses PatientEmploymentStatus/ClaimType/SubmissionMethod/Income/Age; CoveredByInsurance uses SourceClaimStatus + procedure sensitivity/high-cost + claim type + doctor pattern. | AD39: =IF(OR(C39="Có",C39="Yes"),"yes",IF(OR(C39="Không",C39="No"),"no","unknown")) | AE39: =IF(OR(F39="Có",F39="Yes"),"covered",IF(OR(F39="Không",F39="No"),"out_of_insurance","unknown")) | AF39: =IF(AND(AD39="yes",AE39="out_of_insurance"),"REVIEW","")
A40: 70946881-265b-46c4-a3d8-635bf1bc5aad | B40: BN-00039 / Patient 6316D010 | C40: Không | D40: BS. Huỳnh Mai | E40: Nhi / Pediatrics | F40: Chưa rõ | G40: 8292630 | H40: CRP định lượng / CRP | I40: J18.9 | J40: Nghi viêm phổi / Suspected pneumonia | K40: 71 | L40: F | M40: 62160.78 | N40: Widowed | O40: Retired | P40: 45474 | Q40: Emergency | R40: Online | S40: South Sherrifort | T40: Denied | U40: Legitimate | V40: 3 | W40: 6316d010-b2b9-4d60-b6f1-f850e74091ae | X40: 2a244dc6-b87e-4c88-bdff-3a32565a682b | Y40: Hw668 | Z40: bo251 | AA40: 0.86 | AB40: 0.05 | AC40: Derived from original claim row: HasInsurance uses PatientEmploymentStatus/ClaimType/SubmissionMethod/Income/Age; CoveredByInsurance uses SourceClaimStatus + procedure sensitivity/high-cost + claim type + doctor pattern. | AD40: =IF(OR(C40="Có",C40="Yes"),"yes",IF(OR(C40="Không",C40="No"),"no","unknown")) | AE40: =IF(OR(F40="Có",F40="Yes"),"covered",IF(OR(F40="Không",F40="No"),"out_of_insurance","unknown")) | AF40: =IF(AND(AD40="yes",AE40="out_of_insurance"),"REVIEW","")
A41: 108c8e18-a9b0-4a3f-be62-09441a81074d | B41: BN-00040 / Patient 9C1DA429 | C41: Không | D41: BS. Nguyễn Minh | E41: Tim mạch / Cardiology | F41: Chưa rõ | G41: 7778560 | H41: Siêu âm tim / Echocardiography | I41: I50.9 | J41: Suy tim / Heart failure | K41: 88 | L41: M | M41: 39028.5 | N41: Single | O41: Student | P41: 45474 | Q41: Outpatient | R41: Paper | S41: Lake Amandabury | T41: Approved | U41: Fraud | V41: 1 | W41: 9c1da429-2788-4f9e-bc1e-af39ac11e860 | X41: fcc6ba88-6aa3-4e17-aa20-fcd4dd559c97 | Y41: LQ131 | Z41: gY651 | AA41: 0.67 | AB41: 0.05 | AC41: Derived from original claim row: HasInsurance uses PatientEmploymentStatus/ClaimType/SubmissionMethod/Income/Age; CoveredByInsurance uses SourceClaimStatus + procedure sensitivity/high-cost + claim type + doctor pattern. | AD41: =IF(OR(C41="Có",C41="Yes"),"yes",IF(OR(C41="Không",C41="No"),"no","unknown")) | AE41: =IF(OR(F41="Có",F41="Yes"),"covered",IF(OR(F41="Không",F41="No"),"out_of_insurance","unknown")) | AF41: =IF(AND(AD41="yes",AE41="out_of_insurance"),"REVIEW","")
A42: 7437d7b6-a6cf-43de-b52d-c87835612fb7 | B42: BN-00041 / Patient 31EC8DFE | C42: Không | D42: BS. Nguyễn Minh | E42: Tim mạch / Cardiology | F42: Không | G42: 2541380 | H42: Đông máu PT/aPTT / Coagulation test | I42: I24.9 | J42: Bệnh tim thiếu máu cục bộ cấp / Acute ischemic heart disease | K42: 66 | L42: M | M42: 48765.96 | N42: Divorced | O42: Unemployed | P42: 45474 | Q42: Outpatient | R42: Phone | S42: Susanton | T42: Approved | U42: Legitimate | V42: 1 | W42: 31ec8dfe-92e0-4a27-b6ad-ee17b2b09b15 | X42: 9dc8e27b-484e-45af-8ba8-d08dbe0b3464 | Y42: eK101 | Z42: hU802 | AA42: 0.63 | AB42: 0.05 | AC42: Derived from original claim row: HasInsurance uses PatientEmploymentStatus/ClaimType/SubmissionMethod/Income/Age; CoveredByInsurance uses SourceClaimStatus + procedure sensitivity/high-cost + claim type + doctor pattern. | AD42: =IF(OR(C42="Có",C42="Yes"),"yes",IF(OR(C42="Không",C42="No"),"no","unknown")) | AE42: =IF(OR(F42="Có",F42="Yes"),"covered",IF(OR(F42="Không",F42="No"),"out_of_insurance","unknown")) | AF42: =IF(AND(AD42="yes",AE42="out_of_insurance"),"REVIEW","")
A43: 067b75ca-0237-470b-acf9-975a8a037893 | B43: BN-00042 / Patient 8508346E | C43: Không | D43: BS. Huỳnh Mai | E43: Nhi / Pediatrics | F43: Chưa rõ | G43: 3777530 | H43: HbA1c | I43: E11.9 | J43: Đái tháo đường type 2 / Type 2 diabetes mellitus | K43: 60 | L43: F | M43: 45753.55 | N43: Single | O43: Employed | P43: 45474 | Q43: Routine | R43: Paper | S43: Lake Angela | T43: Approved | U43: Legitimate | V43: 1 | W43: 8508346e-a09f-4e90-bd5b-d1fbdd3a96c5 | X43: be79ec32-7c93-4a71-a691-b4b09ec86890 | Y43: gj573 | Z43: hI064 | AA43: 0.8 | AB43: 0.05 | AC43: Derived from original claim row: HasInsurance uses PatientEmploymentStatus/ClaimType/SubmissionMethod/Income/Age; CoveredByInsurance uses SourceClaimStatus + procedure sensitivity/high-cost + claim type + doctor pattern. | AD43: =IF(OR(C43="Có",C43="Yes"),"yes",IF(OR(C43="Không",C43="No"),"no","unknown")) | AE43: =IF(OR(F43="Có",F43="Yes"),"covered",IF(OR(F43="Không",F43="No"),"out_of_insurance","unknown")) | AF43: =IF(AND(AD43="yes",AE43="out_of_insurance"),"REVIEW","")
A44: f8f53415-e6a5-4eca-93e0-cb6e9e8e5e7e | B44: BN-00043 / Patient 9ED425F3 | C44: Có | D44: BS. Phạm Khoa | E44: Thần kinh / Neurology | F44: Có | G44: 7250300 | H44: CT đánh giá đột quỵ / Stroke CT | I44: I63.9 | J44: Nhồi máu não / Cerebral infarction | K44: 2 | L44: F | M44: 57424.34 | N44: Married | O44: Unemployed | P44: 45473 | Q44: Inpatient | R44: Paper | S44: Johnsonstad | T44: Approved | U44: Legitimate | V44: 3 | W44: 9ed425f3-1e36-45a9-8c54-e3dc04b28889 | X44: 8d2293b4-1326-48c0-bfe3-41819aa2d169 | Y44: qJ657 | Z44: OE737 | AA44: 0.65 | AB44: 0.41 | AC44: Derived from original claim row: HasInsurance uses PatientEmploymentStatus/ClaimType/SubmissionMethod/Income/Age; CoveredByInsurance uses SourceClaimStatus + procedure sensitivity/high-cost + claim type + doctor pattern. | AD44: =IF(OR(C44="Có",C44="Yes"),"yes",IF(OR(C44="Không",C44="No"),"no","unknown")) | AE44: =IF(OR(F44="Có",F44="Yes"),"covered",IF(OR(F44="Không",F44="No"),"out_of_insurance","unknown")) | AF44: =IF(AND(AD44="yes",AE44="out_of_insurance"),"REVIEW","")
A45: c1133fe9-3334-4f4e-9404-f0bede393625 | B45: BN-00044 / Patient B787A5F5 | C45: Có | D45: BS. Trương Khải | E45: Tim mạch / Cardiology | F45: Không | G45: 2729440 | H45: CRP định lượng / CRP | I45: R79.8 | J45: Bất thường xét nghiệm máu / Abnormal blood chemistry | K45: 8 | L45: F | M45: 20392.71 | N45: Widowed | O45: Unemployed | P45: 45473 | Q45: Outpatient | R45: Online | S45: Justinview | T45: Approved | U45: Legitimate | V45: 1 | W45: b787a5f5-0501-4099-9183-3d1454aa61ce | X45: ee09c03c-211f-4dae-8299-ab4e7b20d531 | Y45: Py657 | Z45: ss635 | AA45: 0.66 | AB45: 0.7 | AC45: Derived from original claim row: HasInsurance uses PatientEmploymentStatus/ClaimType/SubmissionMethod/Income/Age; CoveredByInsurance uses SourceClaimStatus + procedure sensitivity/high-cost + claim type + doctor pattern. | AD45: =IF(OR(C45="Có",C45="Yes"),"yes",IF(OR(C45="Không",C45="No"),"no","unknown")) | AE45: =IF(OR(F45="Có",F45="Yes"),"covered",IF(OR(F45="Không",F45="No"),"out_of_insurance","unknown")) | AF45: =IF(AND(AD45="yes",AE45="out_of_insurance"),"REVIEW","")
A46: 82e8345f-de91-4c65-affc-b4e836c854f1 | B46: BN-00045 / Patient 13362676 | C46: Có | D46: BS. Cao Vy | E46: Khám tổng quát / General Practice | F46: Có | G46: 2671560 | H46: HIV Ag/Ab combo | I46: Z11.4 | J46: Sàng lọc HIV / HIV screening | K46: 40 | L46: M | M46: 37554.96 | N46: Married | O46: Unemployed | P46: 45473 | Q46: Outpatient | R46: Paper | S46: Christopherbury | T46: Approved | U46: Legitimate | V46: 1 | W46: 13362676-eda2-4309-860d-39291a526f28 | X46: 27c1f238-343b-46de-ac7f-6601030beaa3 | Y46: ka847 | Z46: ws019 | AA46: 0.62 | AB46: 0.7 | AC46: Derived from original claim row: HasInsurance uses PatientEmploymentStatus/ClaimType/SubmissionMethod/Income/Age; CoveredByInsurance uses SourceClaimStatus + procedure sensitivity/high-cost + claim type + doctor pattern. | AD46: =IF(OR(C46="Có",C46="Yes"),"yes",IF(OR(C46="Không",C46="No"),"no","unknown")) | AE46: =IF(OR(F46="Có",F46="Yes"),"covered",IF(OR(F46="Không",F46="No"),"out_of_insurance","unknown")) | AF46: =IF(AND(AD46="yes",AE46="out_of_insurance"),"REVIEW","")
A47: 35680a70-b21d-4ec5-84df-3f5906697eff | B47: BN-00046 / Patient 134681A6 | C47: Không | D47: BS. Nguyễn Nhi | E47: Nhi / Pediatrics | F47: Không | G47: 5022030 | H47: CRP định lượng / CRP | I47: J18.9 | J47: Nghi viêm phổi / Suspected pneumonia | K47: 54 | L47: F | M47: 129946.83 | N47: Single | O47: Employed | P47: 45473 | Q47: Emergency | R47: Phone | S47: Michaelberg | T47: Approved | U47: Legitimate | V47: 2 | W47: 134681a6-c412-41d8-bcd1-00e2a1fb233e | X47: a4c9ca9c-3067-4f6d-9715-48f9cdb1ca1d | Y47: wz789 | Z47: ir511 | AA47: 0.79 | AB47: 0.05 | AC47: Derived from original claim row: HasInsurance uses PatientEmploymentStatus/ClaimType/SubmissionMethod/Income/Age; CoveredByInsurance uses SourceClaimStatus + procedure sensitivity/high-cost + claim type + doctor pattern. | AD47: =IF(OR(C47="Có",C47="Yes"),"yes",IF(OR(C47="Không",C47="No"),"no","unknown")) | AE47: =IF(OR(F47="Có",F47="Yes"),"covered",IF(OR(F47="Không",F47="No"),"out_of_insurance","unknown")) | AF47: =IF(AND(AD47="yes",AE47="out_of_insurance"),"REVIEW","")
A48: 0d09dc24-98e9-4999-987f-8058197c8c23 | B48: BN-00047 / Patient A19C3CDC | C48: Có | D48: BS. Phan Gia | E48: Tim mạch / Cardiology | F48: Có | G48: 747120 | H48: Men tim CK-MB / Cardiac enzyme CK-MB | I48: I20.9 | J48: Đau thắt ngực / Angina | K48: 24 | L48: F | M48: 121502.11 | N48: Married | O48: Employed | P48: 45473 | Q48: Routine | R48: Phone | S48: East Joshua | T48: Pending | U48: Legitimate | V48: 2 | W48: a19c3cdc-590b-46e4-89bd-773b0cb27073 | X48: a80cf751-211e-4202-91bf-19ce56b8a9d6 | Y48: qt767 | Z48: Wg679 | AA48: 0.66 | AB48: 0.2 | AC48: Derived from original claim row: HasInsurance uses PatientEmploymentStatus/ClaimType/SubmissionMethod/Income/Age; CoveredByInsurance uses SourceClaimStatus + procedure sensitivity/high-cost + claim type + doctor pattern. | AD48: =IF(OR(C48="Có",C48="Yes"),"yes",IF(OR(C48="Không",C48="No"),"no","unknown")) | AE48: =IF(OR(F48="Có",F48="Yes"),"covered",IF(OR(F48="Không",F48="No"),"out_of_insurance","unknown")) | AF48: =IF(AND(AD48="yes",AE48="out_of_insurance"),"REVIEW","")
A49: 0d953c29-0160-48f0-9c92-c6d7864d46cd | B49: BN-00048 / Patient 78F02CF7 | C49: Không | D49: BS. Phan Gia | E49: Tim mạch / Cardiology | F49: Chưa rõ | G49: 7551890 | H49: Men tim CK-MB / Cardiac enzyme CK-MB | I49: I20.9 | J49: Đau thắt ngực / Angina | K49: 21 | L49: M | M49: 140028.94 | N49: Divorced | O49: Employed | P49: 45472 | Q49: Outpatient | R49: Paper | S49: Lake Dale | T49: Pending | U49: Legitimate | V49: 2 | W49: 78f02cf7-53e5-4116-9ff4-24ac86325605 | X49: 7da0b046-5984-4417-8276-b98625789332 | Y49: mS696 | Z49: yX560 | AA49: 0.66 | AB49: 0.05 | AC49: Derived from original claim row: HasInsurance uses PatientEmploymentStatus/ClaimType/SubmissionMethod/Income/Age; CoveredByInsurance uses SourceClaimStatus + procedure sensitivity/high-cost + claim type + doctor pattern. | AD49: =IF(OR(C49="Có",C49="Yes"),"yes",IF(OR(C49="Không",C49="No"),"no","unknown")) | AE49: =IF(OR(F49="Có",F49="Yes"),"covered",IF(OR(F49="Không",F49="No"),"out_of_insurance","unknown")) | AF49: =IF(AND(AD49="yes",AE49="out_of_insurance"),"REVIEW","")
A50: 1749a49c-f588-41e6-9522-69ddb3567717 | B50: BN-00049 / Patient DD339506 | C50: Có | D50: BS. Trịnh Long | E50: Khám tổng quát / General Practice | F50: Có | G50: 7921300 | H50: HIV test nhanh / Rapid HIV test | I50: Z11.4 | J50: Sàng lọc HIV / HIV screening | K50: 94 | L50: F | M50: 33968.92 | N50: Divorced | O50: Student | P50: 45472 | Q50: Inpatient | R50: Paper | S50: Kellymouth | T50: Approved | U50: Fraud | V50: 1 | W50: dd339506-2019-4c75-89e9-efdc3e6227fc | X50: 71bc6532-8cee-4673-90aa-f694b99dbfc4 | Y50: DS530 | Z50: zx752 | AA50: 0.74 | AB50: 0.51 | AC50: Derived from original claim row: HasInsurance uses PatientEmploymentStatus/ClaimType/SubmissionMethod/Income/Age; CoveredByInsurance uses SourceClaimStatus + procedure sensitivity/high-cost + claim type + doctor pattern. | AD50: =IF(OR(C50="Có",C50="Yes"),"yes",IF(OR(C50="Không",C50="No"),"no","unknown")) | AE50: =IF(OR(F50="Có",F50="Yes"),"covered",IF(OR(F50="Không",F50="No"),"out_of_insurance","unknown")) | AF50: =IF(AND(AD50="yes",AE50="out_of_insurance"),"REVIEW","")
A51: f9e9f653-3252-4e0e-b11a-14aa00d34f62 | B51: BN-00050 / Patient B2835438 | C51: Không | D51: BS. Lưu Quang | E51: Thần kinh / Neurology | F51: Không | G51: 3042650 | H51: Khám chuyên khoa thần kinh / Neurology consultation | I51: R51 | J51: Đau đầu / Headache | K51: 12 | L51: F | M51: 86327.68 | N51: Divorced | O51: Unemployed | P51: 45472 | Q51: Inpatient | R51: Paper | S51: South Stacyville | T51: Approved | U51: Legitimate | V51: 0 | W51: b2835438-cbc7-4c0e-826b-fec852375524 | X51: a15f6652-dc3d-4c2c-88ea-56a3bdb83007 | Y51: Cg426 | Z51: PU908 | AA51: 0.65 | AB51: 0.05 | AC51: Derived from original claim row: HasInsurance uses PatientEmploymentStatus/ClaimType/SubmissionMethod/Income/Age; CoveredByInsurance uses SourceClaimStatus + procedure sensitivity/high-cost + claim type + doctor pattern. | AD51: =IF(OR(C51="Có",C51="Yes"),"yes",IF(OR(C51="Không",C51="No"),"no","unknown")) | AE51: =IF(OR(F51="Có",F51="Yes"),"covered",IF(OR(F51="Không",F51="No"),"out_of_insurance","unknown")) | AF51: =IF(AND(AD51="yes",AE51="out_of_insurance"),"REVIEW","")
... A59: e790e43a-d945-4ea6-b10a-1734513d86ca | B59: BN-00058 / Patient B807474C | C59: Không | D59: BS. Trần An | E59: Chấn thương chỉnh hình / Orthopedics | F59: Không | G59: 9811780 | H59: Đo mật độ xương / Bone density scan | I59: M81.0 | J59: Loãng xương / Osteoporosis | K59: 6 | L59: M | M59: 67795.55 | N59: Single | O59: Employed | P59: 45471 | Q59: Outpatient | R59: Online | S59: Andrefurt | T59: Denied | U59: Legitimate | V59: 3 | W59: b807474c-00dc-46a1-94c1-cd1bbd0cb032 | X59: b0768e9e-21bf-401a-8194-b8f1195957fe | Y59: hM349 | Z59: DK622 | AA59: 0.74 | AB59: 0.05 | AC59: Derived from original claim row: HasInsurance uses PatientEmploymentStatus/ClaimType/SubmissionMethod/Income/Age; CoveredByInsurance uses SourceClaimStatus + procedure sensitivity/high-cost + claim type + doctor pattern. | AD59: =IF(OR(C59="Có",C59="Yes"),"yes",IF(OR(C59="Không",C59="No"),"no","unknown")) | AE59: =IF(OR(F59="Có",F59="Yes"),"covered",IF(OR(F59="Không",F59="No"),"out_of_insurance","unknown")) | AF59: =IF(AND(AD59="yes",AE59="out_of_insurance"),"REVIEW","")
A60: 92a950cd-e460-4331-ad2a-377013c73eaf | B60: BN-00059 / Patient 119EBA64 | C60: Có | D60: BS. Trương Khải | E60: Tim mạch / Cardiology | F60: Không | G60: 8965680 | H60: Đông máu PT/aPTT / Coagulation test | J60: Thiếu ICD/context rõ / Missing clear ICD/context | K60: 64 | L60: F | M60: 69143.24 | N60: Widowed | O60: Employed | P60: 45470 | Q60: Routine | R60: Paper | S60: Craneborough | T60: Denied | U60: Legitimate | V60: 3 | W60: 119eba64-b7da-49e2-af92-2d0330e7dec4 | X60: 05188274-e51e-4642-b143-4df1bfa9bdac | Y60: SS572 | Z60: RX861 | AA60: 0.7 | AB60: 0.02 | AC60: Derived from original claim row: HasInsurance uses PatientEmploymentStatus/ClaimType/SubmissionMethod/Income/Age; CoveredByInsurance uses SourceClaimStatus + procedure sensitivity/high-cost + claim type + doctor pattern. | AD60: =IF(OR(C60="Có",C60="Yes"),"yes",IF(OR(C60="Không",C60="No"),"no","unknown")) | AE60: =IF(OR(F60="Có",F60="Yes"),"covered",IF(OR(F60="Không",F60="No"),"out_of_insurance","unknown")) | AF60: =IF(AND(AD60="yes",AE60="out_of_insurance"),"REVIEW","")
A61: 55895e3d-dc6e-4907-a0f4-3336d5af7211 | B61: BN-00060 / Patient D3E39D10 | C61: Có | D61: BS. Lâm Sơn | E61: Khám tổng quát / General Practice | F61: Có | G61: 5005360 | H61: HIV Ag/Ab combo | I61: Z11.4 | J61: Sàng lọc HIV / HIV screening | K61: 53 | L61: F | M61: 24267.31 | N61: Married | O61: Retired | P61: 45470 | Q61: Inpatient | R61: Phone | S61: Baileymouth | T61: Approved | U61: Legitimate | V61: 1 | W61: d3e39d10-5257-45e5-a1ca-3794edd3b78f | X61: 44c4ea54-d661-4c04-b68d-5b1bb7e04cac | Y61: Io453 | Z61: Al256 | AA61: 0.91 | AB61: 0.76 | AC61: Derived from original claim row: HasInsurance uses PatientEmploymentStatus/ClaimType/SubmissionMethod/Income/Age; CoveredByInsurance uses SourceClaimStatus + procedure sensitivity/high-cost + claim type + doctor pattern. | AD61: =IF(OR(C61="Có",C61="Yes"),"yes",IF(OR(C61="Không",C61="No"),"no","unknown")) | AE61: =IF(OR(F61="Có",F61="Yes"),"covered",IF(OR(F61="Không",F61="No"),"out_of_insurance","unknown")) | AF61: =IF(AND(AD61="yes",AE61="out_of_insurance"),"REVIEW","")
A62: 0270da81-aa2c-471e-aad3-5bcac93e5419 | B62: BN-00061 / Patient 2F99076A | C62: Không | D62: BS. Đặng Linh | E62: Thần kinh / Neurology | F62: Chưa rõ | G62: 4036180 | H62: Khám chuyên khoa thần kinh / Neurology consultation | I62: R51 | J62: Đau đầu / Headache | K62: 6 | L62: M | M62: 86700.04 | N62: Married | O62: Unemployed | P62: 45470 | Q62: Outpatient | R62: Phone | S62: Rollinsville | T62: Approved | U62: Legitimate | V62: 0 | W62: 2f99076a-49eb-436f-8fda-33ae64b0a72a | X62: de2882ae-baea-4b89-ad28-ae2ebb602e71 | Y62: LI627 | Z62: zI431 | AA62: 0.58 | AB62: 0.05 | AC62: Derived from original claim row: HasInsurance uses PatientEmploymentStatus/ClaimType/SubmissionMethod/Income/Age; CoveredByInsurance uses SourceClaimStatus + procedure sensitivity/high-cost + claim type + doctor pattern. | AD62: =IF(OR(C62="Có",C62="Yes"),"yes",IF(OR(C62="Không",C62="No"),"no","unknown")) | AE62: =IF(OR(F62="Có",F62="Yes"),"covered",IF(OR(F62="Không",F62="No"),"out_of_insurance","unknown")) | AF62: =IF(AND(AD62="yes",AE62="out_of_insurance"),"REVIEW","")
A63: e1241d7a-5665-46cc-8d11-7e775a45fcec | B63: BN-00062 / Patient CD70BCEF | C63: Không | D63: BS. Trịnh Long | E63: Khám tổng quát / General Practice | F63: Không | G63: 7457610 | H63: HIV Ag/Ab combo | I63: Z11.4 | J63: Sàng lọc HIV / HIV screening | K63: 50 | L63: F | M63: 116068.97 | N63: Widowed | O63: Unemployed | P63: 45470 | Q63: Routine | R63: Phone | S63: Port Renee | T63: Pending | U63: Legitimate | V63: 0 | W63: cd70bcef-9bfa-427e-aedd-cd739d0d6500 | X63: 0761a45d-af86-4e6a-825c-b00e7d741ff1 | Y63: xv162 | Z63: Br449 | AA63: 0.52 | AB63: 0.05 | AC63: Derived from original claim row: HasInsurance uses PatientEmploymentStatus/ClaimType/SubmissionMethod/Income/Age; CoveredByInsurance uses SourceClaimStatus + procedure sensitivity/high-cost + claim type + doctor pattern. | AD63: =IF(OR(C63="Có",C63="Yes"),"yes",IF(OR(C63="Không",C63="No"),"no","unknown")) | AE63: =IF(OR(F63="Có",F63="Yes"),"covered",IF(OR(F63="Không",F63="No"),"out_of_insurance","unknown")) | AF63: =IF(AND(AD63="yes",AE63="out_of_insurance"),"REVIEW","")
A64: 4c651bf3-311d-4986-ba3e-912eeb511f8f | B64: BN-00063 / Patient 96E7ECBA | C64: Có | D64: BS. Trần An | E64: Chấn thương chỉnh hình / Orthopedics | F64: Không | G64: 1408580 | H64: CT cột sống thắt lưng / Lumbar spine CT | J64: Thiếu ICD/context rõ / Missing clear ICD/context | K64: 12 | L64: M | M64: 140641.14 | N64: Widowed | O64: Employed | P64: 45470 | Q64: Routine | R64: Online | S64: Fernandezstad | T64: Approved | U64: Legitimate | V64: 2 | W64: 96e7ecba-448e-4db9-8bb2-b76f6737b56b | X64: b0add293-d7ef-4da9-b189-cf95ece17c8f | Y64: ou385 | Z64: eE669 | AA64: 0.76 | AB64: 0.29 | AC64: Derived from original claim row: HasInsurance uses PatientEmploymentStatus/ClaimType/SubmissionMethod/Income/Age; CoveredByInsurance uses SourceClaimStatus + procedure sensitivity/high-cost + claim type + doctor pattern. | AD64: =IF(OR(C64="Có",C64="Yes"),"yes",IF(OR(C64="Không",C64="No"),"no","unknown")) | AE64: =IF(OR(F64="Có",F64="Yes"),"covered",IF(OR(F64="Không",F64="No"),"out_of_insurance","unknown")) | AF64: =IF(AND(AD64="yes",AE64="out_of_insurance"),"REVIEW","")
A65: b71854cb-2ed8-44a2-8d4a-e232dab494cd | B65: BN-00064 / Patient 255EE4F6 | C65: Có | D65: BS. Lê Thảo | E65: Nhi / Pediatrics | F65: Có | G65: 5233760 | H65: HbA1c | I65: E11.9 | J65: Đái tháo đường type 2 / Type 2 diabetes mellitus | K65: 16 | L65: F | M65: 52329.94 | N65: Divorced | O65: Student | P65: 45470 | Q65: Inpatient | R65: Phone | S65: Gilbertberg | T65: Pending | U65: Legitimate | V65: 3 | W65: 255ee4f6-1a5c-4f7f-b42d-8670b2740a95 | X65: b20beb2d-fe6f-41d0-b018-e7833b27acde | Y65: nL749 | Z65: id062 | AA65: 0.59 | AB65: 0.32 | AC65: Derived from original claim row: HasInsurance uses PatientEmploymentStatus/ClaimType/SubmissionMethod/Income/Age; CoveredByInsurance uses SourceClaimStatus + procedure sensitivity/high-cost + claim type + doctor pattern. | AD65: =IF(OR(C65="Có",C65="Yes"),"yes",IF(OR(C65="Không",C65="No"),"no","unknown")) | AE65: =IF(OR(F65="Có",F65="Yes"),"covered",IF(OR(F65="Không",F65="No"),"out_of_insurance","unknown")) | AF65: =IF(AND(AD65="yes",AE65="out_of_insurance"),"REVIEW","")
A66: 9c6a5a68-1ebb-421b-bc32-81af391b177a | B66: BN-00065 / Patient 4C0B1BF1 | C66: Có | D66: BS. Nguyễn Nhi | E66: Nhi / Pediatrics | F66: Chưa rõ | G66: 503670 | H66: HbA1c | I66: E11.9 | J66: Đái tháo đường type 2 / Type 2 diabetes mellitus | K66: 50 | L66: M | M66: 31004.34 | N66: Widowed | O66: Retired | P66: 45469 | Q66: Emergency | R66: Phone | S66: North Kellyfurt | T66: Pending | U66: Legitimate | V66: 1 | W66: 4c0b1bf1-d585-4bfc-8c48-22f5ebe57432 | X66: 8ef03eed-11cf-4532-84c3-04fac5bf2e1d | Y66: LJ847 | Z66: BE881 | AA66: 0.85 | AB66: 0.38 | AC66: Derived from original claim row: HasInsurance uses PatientEmploymentStatus/ClaimType/SubmissionMethod/Income/Age; CoveredByInsurance uses SourceClaimStatus + procedure sensitivity/high-cost + claim type + doctor pattern. | AD66: =IF(OR(C66="Có",C66="Yes"),"yes",IF(OR(C66="Không",C66="No"),"no","unknown")) | AE66: =IF(OR(F66="Có",F66="Yes"),"covered",IF(OR(F66="Không",F66="No"),"out_of_insurance","unknown")) | AF66: =IF(AND(AD66="yes",AE66="out_of_insurance"),"REVIEW","")
A67: 0e51f6e5-1203-49c0-81ea-93cf797fd174 | B67: BN-00066 / Patient 1D47F04F | C67: Không | D67: BS. Hoàng Phúc | E67: Tim mạch / Cardiology | F67: Chưa rõ | G67: 3331970 | H67: Đông máu PT/aPTT / Coagulation test | I67: I24.9 | J67: Bệnh tim thiếu máu cục bộ cấp / Acute ischemic heart disease | K67: 57 | L67: M | M67: 77215.7 | N67: Married | O67: Employed | P67: 45469 | Q67: Outpatient | R67: Paper | S67: North Dustinchester | T67: Denied | U67: Legitimate | V67: 3 | W67: 1d47f04f-87f0-409a-93fb-f30d5018e44d | X67: 7b4bfe33-0141-493f-9f6b-6cccadaaf833 | Y67: Gt356 | Z67: Ff897 | AA67: 0.7 | AB67: 0.05 | AC67: Derived from original claim row: HasInsurance uses PatientEmploymentStatus/ClaimType/SubmissionMethod/Income/Age; CoveredByInsurance uses SourceClaimStatus + procedure sensitivity/high-cost + claim type + doctor pattern. | AD67: =IF(OR(C67="Có",C67="Yes"),"yes",IF(OR(C67="Không",C67="No"),"no","unknown")) | AE67: =IF(OR(F67="Có",F67="Yes"),"covered",IF(OR(F67="Không",F67="No"),"out_of_insurance","unknown")) | AF67: =IF(AND(AD67="yes",AE67="out_of_insurance"),"REVIEW","")
A68: 9f52f6bd-fe29-4896-8885-7afa11542f4b | B68: BN-00067 / Patient 9EEECBB8 | C68: Có | D68: BS. Cao Vy | E68: Khám tổng quát / General Practice | F68: Không | G68: 4278140 | H68: HbA1c | I68: E11.9 | J68: Đái tháo đường type 2 / Type 2 diabetes mellitus | K68: 25 | L68: M | M68: 115671.6 | N68: Divorced | O68: Retired | P68: 45469 | Q68: Routine | R68: Online | S68: New Davidside | T68: Pending | U68: Legitimate | V68: 0 | W68: 9eeecbb8-3ed0-4730-abc4-65711598984f | X68: 11418e4d-c77f-406f-b1a5-dffa6ac3ace1 | Y68: LK046 | Z68: WW674 | AA68: 0.78 | AB68: 0.2 | AC68: Derived from original claim row: HasInsurance uses PatientEmploymentStatus/ClaimType/SubmissionMethod/Income/Age; CoveredByInsurance uses SourceClaimStatus + procedure sensitivity/high-cost + claim type + doctor pattern. | AD68: =IF(OR(C68="Có",C68="Yes"),"yes",IF(OR(C68="Không",C68="No"),"no","unknown")) | AE68: =IF(OR(F68="Có",F68="Yes"),"covered",IF(OR(F68="Không",F68="No"),"out_of_insurance","unknown")) | AF68: =IF(AND(AD68="yes",AE68="out_of_insurance"),"REVIEW","")
A69: 8a2fe50c-006f-487c-a025-400b4d3501c2 | B69: BN-00068 / Patient CA7D7CDA | C69: Có | D69: BS. Trương Khải | E69: Tim mạch / Cardiology | F69: Không | G69: 7318820 | H69: Đông máu PT/aPTT / Coagulation test | J69: Thiếu ICD/context rõ / Missing clear ICD/context | K69: 12 | L69: M | M69: 117261.03 | N69: Single | O69: Unemployed | P69: 45469 | Q69: Outpatient | R69: Paper | S69: Port Stevenview | T69: Denied | U69: Legitimate | V69: 2 | W69: ca7d7cda-3c66-4e61-b709-724117671992 | X69: b9d0e89d-5761-407e-a834-52540bcfd861 | Y69: HA966 | Z69: Jy968 | AA69: 0.48 | AB69: 0.02 | AC69: Derived from original claim row: HasInsurance uses PatientEmploymentStatus/ClaimType/SubmissionMethod/Income/Age; CoveredByInsurance uses SourceClaimStatus + procedure sensitivity/high-cost + claim type + doctor pattern. | AD69: =IF(OR(C69="Có",C69="Yes"),"yes",IF(OR(C69="Không",C69="No"),"no","unknown")) | AE69: =IF(OR(F69="Có",F69="Yes"),"covered",IF(OR(F69="Không",F69="No"),"out_of_insurance","unknown")) | AF69: =IF(AND(AD69="yes",AE69="out_of_insurance"),"REVIEW","")
A70: 2886048b-7d3d-4c99-9fba-b72b6450ae5d | B70: BN-00069 / Patient B1766214 | C70: Có | D70: BS. Đỗ Hạnh | E70: Nhi / Pediatrics | F70: Có | G70: 3570150 | H70: Khám nhi / Pediatric consultation | I70: J06.9 | J70: Viêm hô hấp trên cấp / Acute upper respiratory infection | K70: 89 | L70: M | M70: 51887.71 | N70: Married | O70: Retired | P70: 45469 | Q70: Routine | R70: Phone | S70: Whitetown | T70: Approved | U70: Legitimate | V70: 1 | W70: b1766214-85eb-47d4-b82e-bfe09650abc5 | X70: c1192315-6fdb-4a81-839e-0073111351dc | Y70: ek038 | Z70: Ty701 | AA70: 0.85 | AB70: 0.76 | AC70: Derived from original claim row: HasInsurance uses PatientEmploymentStatus/ClaimType/SubmissionMethod/Income/Age; CoveredByInsurance uses SourceClaimStatus + procedure sensitivity/high-cost + claim type + doctor pattern. | AD70: =IF(OR(C70="Có",C70="Yes"),"yes",IF(OR(C70="Không",C70="No"),"no","unknown")) | AE70: =IF(OR(F70="Có",F70="Yes"),"covered",IF(OR(F70="Không",F70="No"),"out_of_insurance","unknown")) | AF70: =IF(AND(AD70="yes",AE70="out_of_insurance"),"REVIEW","")
A71: 3c83f357-15ac-4dd2-9126-45ed248e9286 | B71: BN-00070 / Patient 2DAD103A | C71: Có | D71: BS. Võ Huy | E71: Chấn thương chỉnh hình / Orthopedics | F71: Chưa rõ | G71: 7722940 | H71: Đo mật độ xương / Bone density scan | I71: M81.0 | J71: Loãng xương / Osteoporosis | K71: 92 | L71: F | M71: 82008.95 | N71: Widowed | O71: Retired | P71: 45468 | Q71: Routine | R71: Phone | S71: Lake Marc | T71: Pending | U71: Legitimate | V71: 3 | W71: 2dad103a-5468-4d03-88bf-9149b0a1bf4c | X71: d33c8a57-dd94-4ab0-8b83-4ced00313962 | Y71: Cx863 | Z71: Fl992 | AA71: 0.79 | AB71: 0.22 | AC71: Derived from original claim row: HasInsurance uses PatientEmploymentStatus/ClaimType/SubmissionMethod/Income/Age; CoveredByInsurance uses SourceClaimStatus + procedure sensitivity/high-cost + claim type + doctor pattern. | AD71: =IF(OR(C71="Có",C71="Yes"),"yes",IF(OR(C71="Không",C71="No"),"no","unknown")) | AE71: =IF(OR(F71="Có",F71="Yes"),"covered",IF(OR(F71="Không",F71="No"),"out_of_insurance","unknown")) | AF71: =IF(AND(AD71="yes",AE71="out_of_insurance"),"REVIEW","")
A72: 976c4e8b-b98a-4e28-b1b9-4a41c85b6ea4 | B72: BN-00071 / Patient 2B95A813 | C72: Có | D72: BS. Mai Thanh | E72: Thần kinh / Neurology | F72: Không | G72: 4599960 | H72: CT đánh giá đột quỵ / Stroke CT | J72: Thiếu ICD/context rõ / Missing clear ICD/context | K72: 39 | L72: F | M72: 126695.66 | N72: Single | O72: Retired | P72: 45468 | Q72: Outpatient | R72: Online | S72: Rachelton | T72: Denied | U72: Legitimate | V72: 2 | W72: 2b95a813-2761-4055-869e-304bc905ba32 | X72: 699a750d-020f-40ee-956a-15b4ab81d325 | Y72: Ng845 | Z72: og824 | AA72: 0.66 | AB72: 0.02 | AC72: Derived from original claim row: HasInsurance uses PatientEmploymentStatus/ClaimType/SubmissionMethod/Income/Age; CoveredByInsurance uses SourceClaimStatus + procedure sensitivity/high-cost + claim type + doctor pattern. | AD72: =IF(OR(C72="Có",C72="Yes"),"yes",IF(OR(C72="Không",C72="No"),"no","unknown")) | AE72: =IF(OR(F72="Có",F72="Yes"),"covered",IF(OR(F72="Không",F72="No"),"out_of_insurance","unknown")) | AF72: =IF(AND(AD72="yes",AE72="out_of_insurance"),"REVIEW","")
A73: 219aee23-1da1-4622-9c7a-c6c449137058 | B73: BN-00072 / Patient 2A005E4C | C73: Không | D73: BS. Hà Nam | E73: Chấn thương chỉnh hình / Orthopedics | F73: Không | G73: 3520260 | H73: CT cột sống thắt lưng / Lumbar spine CT | I73: M54.5 | J73: Đau thắt lưng / Low back pain | K73: 92 | L73: F | M73: 66695.14 | N73: Single | O73: Student | P73: 45468 | Q73: Routine | R73: Paper | S73: Davisborough | T73: Approved | U73: Legitimate | V73: 3 | W73: 2a005e4c-0452-47d8-958f-19d629a2641d | X73: a5677266-2827-4b59-b662-a73c37f3d803 | Y73: xq008 | Z73: ki036 | AA73: 0.63 | AB73: 0.05 | AC73: Derived from original claim row: HasInsurance uses PatientEmploymentStatus/ClaimType/SubmissionMethod/Income/Age; CoveredByInsurance uses SourceClaimStatus + procedure sensitivity/high-cost + claim type + doctor pattern. | AD73: =IF(OR(C73="Có",C73="Yes"),"yes",IF(OR(C73="Không",C73="No"),"no","unknown")) | AE73: =IF(OR(F73="Có",F73="Yes"),"covered",IF(OR(F73="Không",F73="No"),"out_of_insurance","unknown")) | AF73: =IF(AND(AD73="yes",AE73="out_of_insurance"),"REVIEW","")
A74: d1cb1015-9deb-44b8-a281-16addc9c69ea | B74: BN-00073 / Patient 97C2673D | C74: Không | D74: BS. Phạm Khoa | E74: Thần kinh / Neurology | F74: Không | G74: 4884610 | H74: CT sọ não / Brain CT | I74: R51 | J74: Đau đầu chưa rõ nguyên nhân / Headache unspecified | K74: 56 | L74: M | M74: 103771.5 | N74: Single | O74: Student | P74: 45468 | Q74: Inpatient | R74: Paper | S74: Lake Lisashire | T74: Pending | U74: Legitimate | V74: 0 | W74: 97c2673d-8ebf-462e-a8d4-cb9ffd0adedf | X74: bffb7478-0b1d-4daa-aa6e-62d20174bd82 | Y74: Dt986 | Z74: iz066 | AA74: 0.59 | AB74: 0.05 | AC74: Derived from original claim row: HasInsurance uses PatientEmploymentStatus/ClaimType/SubmissionMethod/Income/Age; CoveredByInsurance uses SourceClaimStatus + procedure sensitivity/high-cost + claim type + doctor pattern. | AD74: =IF(OR(C74="Có",C74="Yes"),"yes",IF(OR(C74="Không",C74="No"),"no","unknown")) | AE74: =IF(OR(F74="Có",F74="Yes"),"covered",IF(OR(F74="Không",F74="No"),"out_of_insurance","unknown")) | AF74: =IF(AND(AD74="yes",AE74="out_of_insurance"),"REVIEW","")
A75: b717f802-75fd-4706-b116-540ffe0ab9cd | B75: BN-00074 / Patient 444D0962 | C75: Có | D75: BS. Hoàng Phúc | E75: Tim mạch / Cardiology | F75: Không | G75: 1200000 | H75: Siêu âm tim / Echocardiography | I75: I50.9 | J75: Suy tim / Heart failure | K75: 86 | L75: M | M75: 73424.88 | N75: Married | O75: Unemployed | P75: 45467 | Q75: Outpatient | R75: Paper | S75: North Adam | T75: Denied | U75: Legitimate | V75: 3 | W75: 444d0962-7a8f-4478-a698-c5b489ee8b5c | X75: dba81a77-d243-498c-a5ce-1db3c96f44fd | Y75: UH965 | Z75: Cz054 | AA75: 0.53 | AB75: 0.02 | AC75: Derived from original claim row: HasInsurance uses PatientEmploymentStatus/ClaimType/SubmissionMethod/Income/Age; CoveredByInsurance uses SourceClaimStatus + procedure sensitivity/high-cost + claim type + doctor pattern. | AD75: =IF(OR(C75="Có",C75="Yes"),"yes",IF(OR(C75="Không",C75="No"),"no","unknown")) | AE75: =IF(OR(F75="Có",F75="Yes"),"covered",IF(OR(F75="Không",F75="No"),"out_of_insurance","unknown")) | AF75: =IF(AND(AD75="yes",AE75="out_of_insurance"),"REVIEW","")
A76: aee792ac-8064-41cf-8b5d-45ac4edce672 | B76: BN-00075 / Patient A18E5CEB | C76: Có | D76: BS. Đỗ Hạnh | E76: Nhi / Pediatrics | F76: Chưa rõ | G76: 3528830 | H76: CRP định lượng / CRP | I76: J18.9 | J76: Nghi viêm phổi / Suspected pneumonia | K76: 71 | L76: M | M76: 87620.83 | N76: Widowed | O76: Student | P76: 45467 | Q76: Inpatient | R76: Phone | S76: West Donnaburgh | T76: Pending | U76: Legitimate | V76: 0 | W76: a18e5ceb-b77c-48f6-a8e8-473f4ee72a1e | X76: 23a87be4-c0f3-459d-b1d7-8e413dbbcab9 | Y76: ft745 | Z76: jq365 | AA76: 0.64 | AB76: 0.32 | AC76: Derived from original claim row: HasInsurance uses PatientEmploymentStatus/ClaimType/SubmissionMethod/Income/Age; CoveredByInsurance uses SourceClaimStatus + procedure sensitivity/high-cost + claim type + doctor pattern. | AD76: =IF(OR(C76="Có",C76="Yes"),"yes",IF(OR(C76="Không",C76="No"),"no","unknown")) | AE76: =IF(OR(F76="Có",F76="Yes"),"covered",IF(OR(F76="Không",F76="No"),"out_of_insurance","unknown")) | AF76: =IF(AND(AD76="yes",AE76="out_of_insurance"),"REVIEW","")
A77: 9b9ee017-63d5-4e97-8434-2dc96256e15e | B77: BN-00076 / Patient 4CD4D100 | C77: Có | D77: BS. Huỳnh Mai | E77: Nhi / Pediatrics | F77: Không | G77: 9633620 | H77: Glucose máu / Blood glucose | I77: R73.9 | J77: Tăng glucose máu / Hyperglycemia | K77: 14 | L77: M | M77: 124553.95 | N77: Married | O77: Employed | P77: 45467 | Q77: Emergency | R77: Online | S77: Lake Robert | T77: Denied | U77: Legitimate | V77: 2 | W77: 4cd4d100-a453-43e2-b6eb-790f7dba00c6 | X77: 5c458d13-92cf-4220-b21a-df1183eb1e24 | Y77: my860 | Z77: VY267 | AA77: 0.73 | AB77: 0.02 | AC77: Derived from original claim row: HasInsurance uses PatientEmploymentStatus/ClaimType/SubmissionMethod/Income/Age; CoveredByInsurance uses SourceClaimStatus + procedure sensitivity/high-cost + claim type + doctor pattern. | AD77: =IF(OR(C77="Có",C77="Yes"),"yes",IF(OR(C77="Không",C77="No"),"no","unknown")) | AE77: =IF(OR(F77="Có",F77="Yes"),"covered",IF(OR(F77="Không",F77="No"),"out_of_insurance","unknown")) | AF77: =IF(AND(AD77="yes",AE77="out_of_insurance"),"REVIEW","")
A78: 7d31c01d-ddd0-46b7-abb3-07dfc441f346 | B78: BN-00077 / Patient 88FC6668 | C78: Có | D78: BS. Vũ Đức | E78: Chấn thương chỉnh hình / Orthopedics | F78: Chưa rõ | G78: 2562270 | H78: Đo mật độ xương / Bone density scan | I78: M81.0 | J78: Loãng xương / Osteoporosis | K78: 48 | L78: F | M78: 83943.87 | N78: Married | O78: Retired | P78: 45467 | Q78: Inpatient | R78: Phone | S78: South Larry | T78: Approved | U78: Legitimate | V78: 3 | W78: 88fc6668-801a-4f22-a2d5-959d8c0e3d31 | X78: 70d2feb6-d206-4ebd-9d0a-4dd7eeade6c1 | Y78: rr539 | Z78: sT409 | AA78: 0.87 | AB78: 0.78 | AC78: Derived from original claim row: HasInsurance uses PatientEmploymentStatus/ClaimType/SubmissionMethod/Income/Age; CoveredByInsurance uses SourceClaimStatus + procedure sensitivity/high-cost + claim type + doctor pattern. | AD78: =IF(OR(C78="Có",C78="Yes"),"yes",IF(OR(C78="Không",C78="No"),"no","unknown")) | AE78: =IF(OR(F78="Có",F78="Yes"),"covered",IF(OR(F78="Không",F78="No"),"out_of_insurance","unknown")) | AF78: =IF(AND(AD78="yes",AE78="out_of_insurance"),"REVIEW","")
A79: 37845be1-5b54-41f5-9c3e-0701f0497c5e | B79: BN-00078 / Patient F6F20862 | C79: Có | D79: BS. Trương Khải | E79: Tim mạch / Cardiology | F79: Không | G79: 3727970 | H79: Troponin I định lượng / Troponin I | I79: R07.9 | J79: Đau ngực nghi hội chứng mạch vành / Chest pain, ACS rule-out | K79: 49 | L79: F | M79: 105435.7 | N79: Divorced | O79: Employed | P79: 45467 | Q79: Emergency | R79: Online | S79: Hugheshaven | T79: Denied | U79: Legitimate | V79: 0 | W79: f6f20862-0195-48a9-a53e-20da5d8b7f05 | X79: ab0eb2b2-de91-4eb2-b3c9-28fffe3c486f | Y79: ws705 | Z79: YH640 | AA79: 0.81 | AB79: 0.12 | AC79: Derived from original claim row: HasInsurance uses PatientEmploymentStatus/ClaimType/SubmissionMethod/Income/Age; CoveredByInsurance uses SourceClaimStatus + procedure sensitivity/high-cost + claim type + doctor pattern. | AD79: =IF(OR(C79="Có",C79="Yes"),"yes",IF(OR(C79="Không",C79="No"),"no","unknown")) | AE79: =IF(OR(F79="Có",F79="Yes"),"covered",IF(OR(F79="Không",F79="No"),"out_of_insurance","unknown")) | AF79: =IF(AND(AD79="yes",AE79="out_of_insurance"),"REVIEW","")
A80: 0298d956-2255-47c9-b330-6e6fe591a2d2 | B80: BN-00079 / Patient C99F0420 | C80: Có | D80: BS. Lưu Quang | E80: Thần kinh / Neurology | F80: Có | G80: 1830900 | H80: CT sọ não / Brain CT | I80: R51 | J80: Đau đầu chưa rõ nguyên nhân / Headache unspecified | K80: 26 | L80: F | M80: 25302.05 | N80: Divorced | O80: Employed | P80: 45467 | Q80: Routine | R80: Paper | S80: Jamesview | T80: Approved | U80: Legitimate | V80: 1 | W80: c99f0420-c7ba-4faa-aa53-d1548c4e65e3 | X80: fd571792-eea9-434f-8538-458e0d81c712 | Y80: iL644 | Z80: Io625 | AA80: 0.84 | AB80: 0.54 | AC80: Derived from original claim row: HasInsurance uses PatientEmploymentStatus/ClaimType/SubmissionMethod/Income/Age; CoveredByInsurance uses SourceClaimStatus + procedure sensitivity/high-cost + claim type + doctor pattern. | AD80: =IF(OR(C80="Có",C80="Yes"),"yes",IF(OR(C80="Không",C80="No"),"no","unknown")) | AE80: =IF(OR(F80="Có",F80="Yes"),"covered",IF(OR(F80="Không",F80="No"),"out_of_insurance","unknown")) | AF80: =IF(AND(AD80="yes",AE80="out_of_insurance"),"REVIEW","")
A81: 8aa19784-1dfc-456b-8479-3048b0397746 | B81: BN-00080 / Patient 9A99042B | C81: Có | D81: BS. Lê Thảo | E81: Nhi / Pediatrics | F81: Không | G81: 4155330 | H81: CRP định lượng / CRP | I81: J18.9 | J81: Nghi viêm phổi / Suspected pneumonia | K81: 95 | L81: F | M81: 134994.36 | N81: Single | O81: Retired | P81: 45467 | Q81: Outpatient | R81: Paper | S81: New Russell | T81: Denied | U81: Legitimate | V81: 2 | W81: 9a99042b-233a-41a6-8df3-70858d5d30ce | X81: e00ad6b4-5560-4ff2-a6aa-ec430de6a33a | Y81: En017 | Z81: Sx530 | AA81: 0.67 | AB81: 0.02 | AC81: Derived from original claim row: HasInsurance uses PatientEmploymentStatus/ClaimType/SubmissionMethod/Income/Age; CoveredByInsurance uses SourceClaimStatus + procedure sensitivity/high-cost + claim type + doctor pattern. | AD81: =IF(OR(C81="Có",C81="Yes"),"yes",IF(OR(C81="Không",C81="No"),"no","unknown")) | AE81: =IF(OR(F81="Có",F81="Yes"),"covered",IF(OR(F81="Không",F81="No"),"out_of_insurance","unknown")) | AF81: =IF(AND(AD81="yes",AE81="out_of_insurance"),"REVIEW","")
A82: 2c4aab5e-23d7-4cd7-8e7d-4d8f8a47c6cb | B82: BN-00081 / Patient 2C3FDE4B | C82: Có | D82: BS. Mai Thanh | E82: Thần kinh / Neurology | F82: Có | G82: 4170860 | H82: Khám chuyên khoa thần kinh / Neurology consultation | I82: R51 | J82: Đau đầu / Headache | K82: 16 | L82: F | M82: 105251.05 | N82: Married | O82: Employed | P82: 45467 | Q82: Inpatient | R82: Online | S82: Stevenmouth | T82: Approved | U82: Legitimate | V82: 0 | W82: 2c3fde4b-fbc4-4ede-b873-056acfaf2eb8 | X82: ac2f5b08-4ab1-44c0-bc8a-d6943c2acbe2 | Y82: jR582 | Z82: zD469 | AA82: 0.91 | AB82: 0.88 | AC82: Derived from original claim row: HasInsurance uses PatientEmploymentStatus/ClaimType/SubmissionMethod/Income/Age; CoveredByInsurance uses SourceClaimStatus + procedure sensitivity/high-cost + claim type + doctor pattern. | AD82: =IF(OR(C82="Có",C82="Yes"),"yes",IF(OR(C82="Không",C82="No"),"no","unknown")) | AE82: =IF(OR(F82="Có",F82="Yes"),"covered",IF(OR(F82="Không",F82="No"),"out_of_insurance","unknown")) | AF82: =IF(AND(AD82="yes",AE82="out_of_insurance"),"REVIEW","")
A83: 808c70fc-c7e3-4ac3-92d5-2c064a0b0513 | B83: BN-00082 / Patient A1C793B6 | C83: Có | D83: BS. Trần An | E83: Chấn thương chỉnh hình / Orthopedics | F83: Không | G83: 5606290 | H83: CT cột sống thắt lưng / Lumbar spine CT | I83: M54.5 | J83: Đau thắt lưng / Low back pain | K83: 95 | L83: M | M83: 59699.59 | N83: Divorced | O83: Student | P83: 45467 | Q83: Outpatient | R83: Phone | S83: Johnsonmouth | T83: Denied | U83: Legitimate | V83: 3 | W83: a1c793b6-3e67-43b6-8378-1c13fa9d06d0 | X83: 1d1aac62-baab-4b92-af5b-315e282e02c7 | Y83: DD726 | Z83: Id575 | AA83: 0.53 | AB83: 0.02 | AC83: Derived from original claim row: HasInsurance uses PatientEmploymentStatus/ClaimType/SubmissionMethod/Income/Age; CoveredByInsurance uses SourceClaimStatus + procedure sensitivity/high-cost + claim type + doctor pattern. | AD83: =IF(OR(C83="Có",C83="Yes"),"yes",IF(OR(C83="Không",C83="No"),"no","unknown")) | AE83: =IF(OR(F83="Có",F83="Yes"),"covered",IF(OR(F83="Không",F83="No"),"out_of_insurance","unknown")) | AF83: =IF(AND(AD83="yes",AE83="out_of_insurance"),"REVIEW","")
A84: 3f549d30-4c25-4392-820e-513350583bab | B84: BN-00083 / Patient 36A5FB3B | C84: Có | D84: BS. Mai Thanh | E84: Thần kinh / Neurology | F84: Không | G84: 9870180 | H84: MRI não / Brain MRI | I84: G44.1 | J84: Hội chứng đau đầu mạch máu / Vascular headache | K84: 3 | L84: M | M84: 79813.34 | N84: Single | O84: Retired | P84: 45466 | Q84: Outpatient | R84: Online | S84: New Crystalchester | T84: Denied | U84: Legitimate | V84: 3 | W84: 36a5fb3b-5244-4796-9fb5-19c7414e3877 | X84: a802cb6c-643c-43ef-a003-c5b765e4db51 | Y84: ja399 | Z84: pu883 | AA84: 0.74 | AB84: 0.02 | AC84: Derived from original claim row: HasInsurance uses PatientEmploymentStatus/ClaimType/SubmissionMethod/Income/Age; CoveredByInsurance uses SourceClaimStatus + procedure sensitivity/high-cost + claim type + doctor pattern. | AD84: =IF(OR(C84="Có",C84="Yes"),"yes",IF(OR(C84="Không",C84="No"),"no","unknown")) | AE84: =IF(OR(F84="Có",F84="Yes"),"covered",IF(OR(F84="Không",F84="No"),"out_of_insurance","unknown")) | AF84: =IF(AND(AD84="yes",AE84="out_of_insurance"),"REVIEW","")
... A89: 458d5c7a-7744-4249-8774-403779ffb269 | B89: BN-00088 / Patient 8A298690 | C89: Có | D89: BS. Phan Gia | E89: Tim mạch / Cardiology | F89: Không | G89: 1114850 | H89: Troponin I định lượng / Troponin I | I89: R07.9 | J89: Đau ngực nghi hội chứng mạch vành / Chest pain, ACS rule-out | K89: 63 | L89: M | M89: 124395.92 | N89: Married | O89: Retired | P89: 45465 | Q89: Inpatient | R89: Phone | S89: East Richard | T89: Pending | U89: Legitimate | V89: 2 | W89: 8a298690-7311-4b84-ad39-ca6d2abcc20a | X89: 02a59c81-27ff-4ebf-8662-d2988555b7e2 | Y89: wN449 | Z89: vz003 | AA89: 0.73 | AB89: 0.32 | AC89: Derived from original claim row: HasInsurance uses PatientEmploymentStatus/ClaimType/SubmissionMethod/Income/Age; CoveredByInsurance uses SourceClaimStatus + procedure sensitivity/high-cost + claim type + doctor pattern. | AD89: =IF(OR(C89="Có",C89="Yes"),"yes",IF(OR(C89="Không",C89="No"),"no","unknown")) | AE89: =IF(OR(F89="Có",F89="Yes"),"covered",IF(OR(F89="Không",F89="No"),"out_of_insurance","unknown")) | AF89: =IF(AND(AD89="yes",AE89="out_of_insurance"),"REVIEW","")
A90: 01d6c863-8038-4aae-9c12-980762dc450f | B90: BN-00089 / Patient 62DF15BD | C90: Có | D90: BS. Đỗ Hạnh | E90: Nhi / Pediatrics | F90: Không | G90: 5222720 | H90: Glucose máu / Blood glucose | J90: Thiếu ICD/context rõ / Missing clear ICD/context | K90: 11 | L90: F | M90: 113900.45 | N90: Widowed | O90: Employed | P90: 45465 | Q90: Outpatient | R90: Paper | S90: Nicoleport | T90: Denied | U90: Legitimate | V90: 0 | W90: 62df15bd-eda7-4f91-8a92-f15f4cf41dc4 | X90: e553b687-3672-42c6-b0a3-f14494997467 | Y90: kO949 | Z90: jX415 | AA90: 0.7 | AB90: 0.02 | AC90: Derived from original claim row: HasInsurance uses PatientEmploymentStatus/ClaimType/SubmissionMethod/Income/Age; CoveredByInsurance uses SourceClaimStatus + procedure sensitivity/high-cost + claim type + doctor pattern. | AD90: =IF(OR(C90="Có",C90="Yes"),"yes",IF(OR(C90="Không",C90="No"),"no","unknown")) | AE90: =IF(OR(F90="Có",F90="Yes"),"covered",IF(OR(F90="Không",F90="No"),"out_of_insurance","unknown")) | AF90: =IF(AND(AD90="yes",AE90="out_of_insurance"),"REVIEW","")
A91: 71192995-88ee-429a-b68a-684d12c86da3 | B91: BN-00090 / Patient 8DD7E67E | C91: Không | D91: BS. Trần An | E91: Chấn thương chỉnh hình / Orthopedics | F91: Không | G91: 1200000 | H91: Đo mật độ xương / Bone density scan | I91: M81.0 | J91: Loãng xương / Osteoporosis | K91: 93 | L91: M | M91: 31940.54 | N91: Single | O91: Student | P91: 45465 | Q91: Outpatient | R91: Online | S91: Jessicashire | T91: Denied | U91: Legitimate | V91: 1 | W91: 8dd7e67e-3f34-425c-82ce-110d59f0ea91 | X91: 8de9b0ae-9b3e-4b8a-bb56-504d34dfd74c | Y91: Hv416 | Z91: nk093 | AA91: 0.61 | AB91: 0.05 | AC91: Derived from original claim row: HasInsurance uses PatientEmploymentStatus/ClaimType/SubmissionMethod/Income/Age; CoveredByInsurance uses SourceClaimStatus + procedure sensitivity/high-cost + claim type + doctor pattern. | AD91: =IF(OR(C91="Có",C91="Yes"),"yes",IF(OR(C91="Không",C91="No"),"no","unknown")) | AE91: =IF(OR(F91="Có",F91="Yes"),"covered",IF(OR(F91="Không",F91="No"),"out_of_insurance","unknown")) | AF91: =IF(AND(AD91="yes",AE91="out_of_insurance"),"REVIEW","")
A92: 55e67a46-d95d-4210-b890-b2ae5e4592fa | B92: BN-00091 / Patient F4BE17BC | C92: Không | D92: BS. Hoàng Phúc | E92: Tim mạch / Cardiology | F92: Không | G92: 9805650 | H92: Men tim CK-MB / Cardiac enzyme CK-MB | I92: I20.9 | J92: Đau thắt ngực / Angina | K92: 32 | L92: M | M92: 83935.47 | N92: Married | O92: Unemployed | P92: 45465 | Q92: Outpatient | R92: Phone | S92: Julieberg | T92: Denied | U92: Legitimate | V92: 3 | W92: f4be17bc-2e9a-4d7a-9475-c3a76d9462ec | X92: 9ba59a6f-975e-482c-8c8c-c777f7caa061 | Y92: Gh426 | Z92: tF072 | AA92: 0.48 | AB92: 0.05 | AC92: Derived from original claim row: HasInsurance uses PatientEmploymentStatus/ClaimType/SubmissionMethod/Income/Age; CoveredByInsurance uses SourceClaimStatus + procedure sensitivity/high-cost + claim type + doctor pattern. | AD92: =IF(OR(C92="Có",C92="Yes"),"yes",IF(OR(C92="Không",C92="No"),"no","unknown")) | AE92: =IF(OR(F92="Có",F92="Yes"),"covered",IF(OR(F92="Không",F92="No"),"out_of_insurance","unknown")) | AF92: =IF(AND(AD92="yes",AE92="out_of_insurance"),"REVIEW","")
A93: ce2a6fac-eb07-4f23-aa45-6cfcb332649f | B93: BN-00092 / Patient 416C5F9E | C93: Có | D93: BS. Phạm Khoa | E93: Thần kinh / Neurology | F93: Chưa rõ | G93: 5235140 | H93: CT đánh giá đột quỵ / Stroke CT | I93: I63.9 | J93: Nhồi máu não / Cerebral infarction | K93: 53 | L93: M | M93: 56232.78 | N93: Widowed | O93: Unemployed | P93: 45465 | Q93: Inpatient | R93: Online | S93: Vargasburgh | T93: Denied | U93: Legitimate | V93: 3 | W93: 416c5f9e-2c2d-4a96-8ffa-dac8d663c6f0 | X93: d88911ad-7d71-4efd-a226-b5e09b9193aa | Y93: hY045 | Z93: lO313 | AA93: 0.59 | AB93: 0.02 | AC93: Derived from original claim row: HasInsurance uses PatientEmploymentStatus/ClaimType/SubmissionMethod/Income/Age; CoveredByInsurance uses SourceClaimStatus + procedure sensitivity/high-cost + claim type + doctor pattern. | AD93: =IF(OR(C93="Có",C93="Yes"),"yes",IF(OR(C93="Không",C93="No"),"no","unknown")) | AE93: =IF(OR(F93="Có",F93="Yes"),"covered",IF(OR(F93="Không",F93="No"),"out_of_insurance","unknown")) | AF93: =IF(AND(AD93="yes",AE93="out_of_insurance"),"REVIEW","")
A94: 63bf7b90-1d2b-4ce6-9662-ca6085d0384e | B94: BN-00093 / Patient A5237DCF | C94: Có | D94: BS. Lâm Sơn | E94: Khám tổng quát / General Practice | F94: Không | G94: 6490180 | H94: HbA1c | I94: E11.9 | J94: Đái tháo đường type 2 / Type 2 diabetes mellitus | K94: 74 | L94: M | M94: 106842.53 | N94: Married | O94: Student | P94: 45464 | Q94: Outpatient | R94: Online | S94: East Yvonne | T94: Denied | U94: Legitimate | V94: 0 | W94: a5237dcf-44cf-4407-a727-523e286c3dd3 | X94: 8c52e697-ee7d-410c-9175-46f5c397fbc8 | Y94: PH432 | Z94: Qc913 | AA94: 0.57 | AB94: 0.02 | AC94: Derived from original claim row: HasInsurance uses PatientEmploymentStatus/ClaimType/SubmissionMethod/Income/Age; CoveredByInsurance uses SourceClaimStatus + procedure sensitivity/high-cost + claim type + doctor pattern. | AD94: =IF(OR(C94="Có",C94="Yes"),"yes",IF(OR(C94="Không",C94="No"),"no","unknown")) | AE94: =IF(OR(F94="Có",F94="Yes"),"covered",IF(OR(F94="Không",F94="No"),"out_of_insurance","unknown")) | AF94: =IF(AND(AD94="yes",AE94="out_of_insurance"),"REVIEW","")
A95: 89ea7899-0ed4-4d6e-a785-0bb27de21475 | B95: BN-00094 / Patient 798B1365 | C95: Có | D95: BS. Lâm Sơn | E95: Khám tổng quát / General Practice | F95: Không | G95: 7602680 | H95: HbA1c | I95: E11.9 | J95: Đái tháo đường type 2 / Type 2 diabetes mellitus | K95: 88 | L95: M | M95: 97088.02 | N95: Divorced | O95: Unemployed | P95: 45464 | Q95: Emergency | R95: Paper | S95: Brayside | T95: Denied | U95: Legitimate | V95: 0 | W95: 798b1365-325b-46a0-b772-64337470e631 | X95: 1c02a0e8-0b40-40de-97fd-590110093cb5 | Y95: ja385 | Z95: PO342 | AA95: 0.6 | AB95: 0.02 | AC95: Derived from original claim row: HasInsurance uses PatientEmploymentStatus/ClaimType/SubmissionMethod/Income/Age; CoveredByInsurance uses SourceClaimStatus + procedure sensitivity/high-cost + claim type + doctor pattern. | AD95: =IF(OR(C95="Có",C95="Yes"),"yes",IF(OR(C95="Không",C95="No"),"no","unknown")) | AE95: =IF(OR(F95="Có",F95="Yes"),"covered",IF(OR(F95="Không",F95="No"),"out_of_insurance","unknown")) | AF95: =IF(AND(AD95="yes",AE95="out_of_insurance"),"REVIEW","")
A96: 49b17a93-794a-4ed2-8d0f-3fd68008a8c4 | B96: BN-00095 / Patient 05702436 | C96: Không | D96: BS. Trần An | E96: Chấn thương chỉnh hình / Orthopedics | F96: Không | G96: 6376660 | H96: MRI khớp gối / Knee MRI | I96: M25.5 | J96: Đau khớp gối / Knee pain | K96: 87 | L96: F | M96: 37712.57 | N96: Divorced | O96: Employed | P96: 45464 | Q96: Emergency | R96: Paper | S96: Diazshire | T96: Approved | U96: Legitimate | V96: 1 | W96: 05702436-9d51-457b-bb38-cf5a8e717c47 | X96: 6b387150-becd-4ac2-aa5c-f69c3e13da39 | Y96: vt941 | Z96: wh132 | AA96: 0.94 | AB96: 0.05 | AC96: Derived from original claim row: HasInsurance uses PatientEmploymentStatus/ClaimType/SubmissionMethod/Income/Age; CoveredByInsurance uses SourceClaimStatus + procedure sensitivity/high-cost + claim type + doctor pattern. | AD96: =IF(OR(C96="Có",C96="Yes"),"yes",IF(OR(C96="Không",C96="No"),"no","unknown")) | AE96: =IF(OR(F96="Có",F96="Yes"),"covered",IF(OR(F96="Không",F96="No"),"out_of_insurance","unknown")) | AF96: =IF(AND(AD96="yes",AE96="out_of_insurance"),"REVIEW","")
A97: f1027e36-3eab-4a11-8643-2d2a44bc8f09 | B97: BN-00096 / Patient 90EACD12 | C97: Có | D97: BS. Trịnh Long | E97: Khám tổng quát / General Practice | F97: Có | G97: 8683610 | H97: HbA1c | I97: E11.9 | J97: Đái tháo đường type 2 / Type 2 diabetes mellitus | K97: 38 | L97: F | M97: 106336.35 | N97: Widowed | O97: Retired | P97: 45464 | Q97: Outpatient | R97: Paper | S97: West Jasonhaven | T97: Approved | U97: Legitimate | V97: 0 | W97: 90eacd12-d935-4479-9956-72738fb31885 | X97: c8f10bf5-3220-485a-ad3c-71686ce2f45e | Y97: KS568 | Z97: NO096 | AA97: 0.8 | AB97: 0.6 | AC97: Derived from original claim row: HasInsurance uses PatientEmploymentStatus/ClaimType/SubmissionMethod/Income/Age; CoveredByInsurance uses SourceClaimStatus + procedure sensitivity/high-cost + claim type + doctor pattern. | AD97: =IF(OR(C97="Có",C97="Yes"),"yes",IF(OR(C97="Không",C97="No"),"no","unknown")) | AE97: =IF(OR(F97="Có",F97="Yes"),"covered",IF(OR(F97="Không",F97="No"),"out_of_insurance","unknown")) | AF97: =IF(AND(AD97="yes",AE97="out_of_insurance"),"REVIEW","")
A98: 4c7dc3eb-ca2a-4374-99dc-4f60b8e7f17f | B98: BN-00097 / Patient 01697E9E | C98: Không | D98: BS. Hà Nam | E98: Chấn thương chỉnh hình / Orthopedics | F98: Không | G98: 1393460 | H98: Đo mật độ xương / Bone density scan | I98: M81.0 | J98: Loãng xương / Osteoporosis | K98: 87 | L98: F | M98: 114860.95 | N98: Divorced | O98: Employed | P98: 45464 | Q98: Outpatient | R98: Paper | S98: South Crystalhaven | T98: Pending | U98: Legitimate | V98: 0 | W98: 01697e9e-f50f-4d7f-a815-9565fc79b22f | X98: 3154e850-81fc-46b1-89d7-ee99c1b4476d | Y98: pD296 | Z98: po352 | AA98: 0.79 | AB98: 0.05 | AC98: Derived from original claim row: HasInsurance uses PatientEmploymentStatus/ClaimType/SubmissionMethod/Income/Age; CoveredByInsurance uses SourceClaimStatus + procedure sensitivity/high-cost + claim type + doctor pattern. | AD98: =IF(OR(C98="Có",C98="Yes"),"yes",IF(OR(C98="Không",C98="No"),"no","unknown")) | AE98: =IF(OR(F98="Có",F98="Yes"),"covered",IF(OR(F98="Không",F98="No"),"out_of_insurance","unknown")) | AF98: =IF(AND(AD98="yes",AE98="out_of_insurance"),"REVIEW","")
A99: d424537f-eeb0-4cf4-b73b-290fde10bd90 | B99: BN-00098 / Patient B9D060D4 | C99: Có | D99: BS. Mai Thanh | E99: Thần kinh / Neurology | F99: Có | G99: 6833110 | H99: CT sọ não / Brain CT | I99: R51 | J99: Đau đầu chưa rõ nguyên nhân / Headache unspecified | K99: 66 | L99: M | M99: 108020.66 | N99: Widowed | O99: Employed | P99: 45464 | Q99: Emergency | R99: Online | S99: Port Rebecca | T99: Approved | U99: Legitimate | V99: 0 | W99: b9d060d4-cc95-4e14-9c1e-6541274aa36e | X99: c2d86535-7f84-472c-8d21-91e8350af1e8 | Y99: Hw041 | Z99: KY392 | AA99: 0.94 | AB99: 0.72 | AC99: Derived from original claim row: HasInsurance uses PatientEmploymentStatus/ClaimType/SubmissionMethod/Income/Age; CoveredByInsurance uses SourceClaimStatus + procedure sensitivity/high-cost + claim type + doctor pattern. | AD99: =IF(OR(C99="Có",C99="Yes"),"yes",IF(OR(C99="Không",C99="No"),"no","unknown")) | AE99: =IF(OR(F99="Có",F99="Yes"),"covered",IF(OR(F99="Không",F99="No"),"out_of_insurance","unknown")) | AF99: =IF(AND(AD99="yes",AE99="out_of_insurance"),"REVIEW","")
A100: 79e1cc1f-05c7-4f38-bde9-d8b669cdd8d0 | B100: BN-00099 / Patient 38CEE2CE | C100: Có | D100: BS. Đỗ Hạnh | E100: Nhi / Pediatrics | F100: Không | G100: 5134850 | H100: HbA1c | I100: E11.9 | J100: Đái tháo đường type 2 / Type 2 diabetes mellitus | K100: 35 | L100: M | M100: 69859.49 | N100: Married | O100: Employed | P100: 45463 | Q100: Routine | R100: Online | S100: Lake Kelly | T100: Approved | U100: Legitimate | V100: 3 | W100: 38cee2ce-e1a3-4307-9d55-2f35cb5440c7 | X100: 5a6b7b5e-81c4-4e27-88bc-21b8ae737c9e | Y100: So760 | Z100: BO855 | AA100: 0.84 | AB100: 0.64 | AC100: Derived from original claim row: HasInsurance uses PatientEmploymentStatus/ClaimType/SubmissionMethod/Income/Age; CoveredByInsurance uses SourceClaimStatus + procedure sensitivity/high-cost + claim type + doctor pattern. | AD100: =IF(OR(C100="Có",C100="Yes"),"yes",IF(OR(C100="Không",C100="No"),"no","unknown")) | AE100: =IF(OR(F100="Có",F100="Yes"),"covered",IF(OR(F100="Không",F100="No"),"out_of_insurance","unknown")) | AF100: =IF(AND(AD100="yes",AE100="out_of_insurance"),"REVIEW","")
A101: 1cadc5d9-a671-4322-a696-042badd08a06 | B101: BN-00100 / Patient D9BC0B57 | C101: Không | D101: BS. Bùi Hà | E101: Khám tổng quát / General Practice | F101: Không | G101: 6940280 | H101: Glucose máu / Blood glucose | I101: R73.9 | J101: Tăng glucose máu / Hyperglycemia | K101: 62 | L101: F | M101: 72604.99 | N101: Widowed | O101: Unemployed | P101: 45463 | Q101: Routine | R101: Online | S101: North Davidberg | T101: Denied | U101: Legitimate | V101: 3 | W101: d9bc0b57-69d0-4010-8ea8-4f3b708a9421 | X101: 52b5aa1e-fa9c-4da2-be55-b51fd2abbd66 | Y101: ez197 | Z101: xT297 | AA101: 0.52 | AB101: 0.05 | AC101: Derived from original claim row: HasInsurance uses PatientEmploymentStatus/ClaimType/SubmissionMethod/Income/Age; CoveredByInsurance uses SourceClaimStatus + procedure sensitivity/high-cost + claim type + doctor pattern. | AD101: =IF(OR(C101="Có",C101="Yes"),"yes",IF(OR(C101="Không",C101="No"),"no","unknown")) | AE101: =IF(OR(F101="Có",F101="Yes"),"covered",IF(OR(F101="Không",F101="No"),"out_of_insurance","unknown")) | AF101: =IF(AND(AD101="yes",AE101="out_of_insurance"),"REVIEW","")
A102: ce522b6f-96ca-4b2a-8966-538da66d145a | B102: BN-00101 / Patient C69CAD31 | C102: Có | D102: BS. Võ Huy | E102: Chấn thương chỉnh hình / Orthopedics | F102: Không | G102: 5270210 | H102: MRI khớp gối / Knee MRI | J102: Thiếu ICD/context rõ / Missing clear ICD/context | K102: 70 | L102: M | M102: 107020.11 | N102: Widowed | O102: Employed | P102: 45463 | Q102: Emergency | R102: Paper | S102: Michaelfurt | T102: Pending | U102: Legitimate | V102: 0 | W102: c69cad31-243c-441b-a929-bf0216d8aa16 | X102: d1da2fb8-32c4-4cd1-b782-e4b5ab151043 | Y102: Op831 | Z102: Cj488 | AA102: 0.86 | AB102: 0.28 | AC102: Derived from original claim row: HasInsurance uses PatientEmploymentStatus/ClaimType/SubmissionMethod/Income/Age; CoveredByInsurance uses SourceClaimStatus + procedure sensitivity/high-cost + claim type + doctor pattern. | AD102: =IF(OR(C102="Có",C102="Yes"),"yes",IF(OR(C102="Không",C102="No"),"no","unknown")) | AE102: =IF(OR(F102="Có",F102="Yes"),"covered",IF(OR(F102="Không",F102="No"),"out_of_insurance","unknown")) | AF102: =IF(AND(AD102="yes",AE102="out_of_insurance"),"REVIEW","")
A103: b54b94a4-1c45-4219-9b54-d2b1f41390f6 | B103: BN-00102 / Patient 689E9F18 | C103: Có | D103: BS. Phạm Khoa | E103: Thần kinh / Neurology | F103: Không | G103: 1200000 | H103: CT sọ não / Brain CT | I103: R51 | J103: Đau đầu chưa rõ nguyên nhân / Headache unspecified | K103: 51 | L103: M | M103: 144700.61 | N103: Single | O103: Student | P103: 45463 | Q103: Emergency | R103: Online | S103: West Elizabethfurt | T103: Pending | U103: Legitimate | V103: 2 | W103: 689e9f18-9d7b-4a4c-a67e-bffe02bd9185 | X103: 11b134fa-b7cd-4edc-af05-8f3485d651ea | Y103: Ik776 | Z103: CL549 | AA103: 0.55 | AB103: 0.03 | AC103: Derived from original claim row: HasInsurance uses PatientEmploymentStatus/ClaimType/SubmissionMethod/Income/Age; CoveredByInsurance uses SourceClaimStatus + procedure sensitivity/high-cost + claim type + doctor pattern. | AD103: =IF(OR(C103="Có",C103="Yes"),"yes",IF(OR(C103="Không",C103="No"),"no","unknown")) | AE103: =IF(OR(F103="Có",F103="Yes"),"covered",IF(OR(F103="Không",F103="No"),"out_of_insurance","unknown")) | AF103: =IF(AND(AD103="yes",AE103="out_of_insurance"),"REVIEW","")
A104: a8a4bd34-de5d-4343-bdd1-14093c58ca62 | B104: BN-00103 / Patient E179AF55 | C104: Có | D104: BS. Bùi Hà | E104: Khám tổng quát / General Practice | F104: Không | G104: 7853660 | H104: HIV Ag/Ab combo | I104: Z11.4 | J104: Sàng lọc HIV / HIV screening | K104: 52 | L104: M | M104: 84613.07 | N104: Widowed | O104: Retired | P104: 45463 | Q104: Emergency | R104: Paper | S104: Nicoleshire | T104: Denied | U104: Legitimate | V104: 0 | W104: e179af55-2cd1-4d15-b129-126c8b96bc3b | X104: f5443bcd-8f52-4187-a14c-1ce6afc6a3db | Y104: Lv831 | Z104: tv987 | AA104: 0.77 | AB104: 0.02 | AC104: Derived from original claim row: HasInsurance uses PatientEmploymentStatus/ClaimType/SubmissionMethod/Income/Age; CoveredByInsurance uses SourceClaimStatus + procedure sensitivity/high-cost + claim type + doctor pattern. | AD104: =IF(OR(C104="Có",C104="Yes"),"yes",IF(OR(C104="Không",C104="No"),"no","unknown")) | AE104: =IF(OR(F104="Có",F104="Yes"),"covered",IF(OR(F104="Không",F104="No"),"out_of_insurance","unknown")) | AF104: =IF(AND(AD104="yes",AE104="out_of_insurance"),"REVIEW","")
A105: 7c6880a7-c792-40a0-a2f9-204a04c8ac4a | B105: BN-00104 / Patient 281DCEB6 | C105: Có | D105: BS. Phan Gia | E105: Tim mạch / Cardiology | F105: Không | G105: 7614150 | H105: Siêu âm tim / Echocardiography | I105: I50.9 | J105: Suy tim / Heart failure | K105: 88 | L105: F | M105: 138044.53 | N105: Single | O105: Retired | P105: 45463 | Q105: Outpatient | R105: Paper | S105: North Jacob | T105: Denied | U105: Legitimate | V105: 2 | W105: 281dceb6-ea46-4682-b50e-86bffee5d406 | X105: 517d83d1-fdab-4df5-91bf-b4a8f9bfdf62 | Y105: ND425 | Z105: MQ435 | AA105: 0.67 | AB105: 0.02 | AC105: Derived from original claim row: HasInsurance uses PatientEmploymentStatus/ClaimType/SubmissionMethod/Income/Age; CoveredByInsurance uses SourceClaimStatus + procedure sensitivity/high-cost + claim type + doctor pattern. | AD105: =IF(OR(C105="Có",C105="Yes"),"yes",IF(OR(C105="Không",C105="No"),"no","unknown")) | AE105: =IF(OR(F105="Có",F105="Yes"),"covered",IF(OR(F105="Không",F105="No"),"out_of_insurance","unknown")) | AF105: =IF(AND(AD105="yes",AE105="out_of_insurance"),"REVIEW","")
A106: 774cd74d-e3a9-4d9a-9949-da00ee31bdcc | B106: BN-00105 / Patient 8AAC563C | C106: Có | D106: BS. Nguyễn Minh | E106: Tim mạch / Cardiology | F106: Không | G106: 3594290 | H106: Men tim CK-MB / Cardiac enzyme CK-MB | I106: I20.9 | J106: Đau thắt ngực / Angina | K106: 75 | L106: F | M106: 84155.05 | N106: Divorced | O106: Employed | P106: 45463 | Q106: Routine | R106: Online | S106: Lake Patriciaville | T106: Approved | U106: Legitimate | V106: 0 | W106: 8aac563c-e96c-4680-b4e1-e00618d3dd6c | X106: a97e735b-1c69-401b-9b0f-d84ea23be59c | Y106: zC309 | Z106: UV794 | AA106: 0.89 | AB106: 0.39 | AC106: Derived from original claim row: HasInsurance uses PatientEmploymentStatus/ClaimType/SubmissionMethod/Income/Age; CoveredByInsurance uses SourceClaimStatus + procedure sensitivity/high-cost + claim type + doctor pattern. | AD106: =IF(OR(C106="Có",C106="Yes"),"yes",IF(OR(C106="Không",C106="No"),"no","unknown")) | AE106: =IF(OR(F106="Có",F106="Yes"),"covered",IF(OR(F106="Không",F106="No"),"out_of_insurance","unknown")) | AF106: =IF(AND(AD106="yes",AE106="out_of_insurance"),"REVIEW","")
A107: 78ce0730-8d6c-4bbc-aa97-e4872c95b343 | B107: BN-00106 / Patient 5991CA33 | C107: Không | D107: BS. Hà Nam | E107: Chấn thương chỉnh hình / Orthopedics | F107: Không | G107: 1200000 | H107: CT cột sống thắt lưng / Lumbar spine CT | I107: M54.5 | J107: Đau thắt lưng / Low back pain | K107: 7 | L107: M | M107: 38040.86 | N107: Married | O107: Unemployed | P107: 45463 | Q107: Inpatient | R107: Online | S107: Danielchester | T107: Pending | U107: Legitimate | V107: 1 | W107: 5991ca33-9967-46ea-99a8-12d906b6b9f0 | X107: 5426e189-c487-41bd-acef-d30b2a9b9c3f | Y107: LD034 | Z107: zE910 | AA107: 0.67 | AB107: 0.05 | AC107: Derived from original claim row: HasInsurance uses PatientEmploymentStatus/ClaimType/SubmissionMethod/Income/Age; CoveredByInsurance uses SourceClaimStatus + procedure sensitivity/high-cost + claim type + doctor pattern. | AD107: =IF(OR(C107="Có",C107="Yes"),"yes",IF(OR(C107="Không",C107="No"),"no","unknown")) | AE107: =IF(OR(F107="Có",F107="Yes"),"covered",IF(OR(F107="Không",F107="No"),"out_of_insurance","unknown")) | AF107: =IF(AND(AD107="yes",AE107="out_of_insurance"),"REVIEW","")
A108: 7f066386-0275-4f66-b00a-c9f3d4bf9aaf | B108: BN-00107 / Patient F6826601 | C108: Không | D108: BS. Đỗ Hạnh | E108: Nhi / Pediatrics | F108: Không | G108: 8342860 | H108: CRP định lượng / CRP | I108: J18.9 | J108: Nghi viêm phổi / Suspected pneumonia | K108: 45 | L108: F | M108: 51269.56 | N108: Married | O108: Unemployed | P108: 45463 | Q108: Routine | R108: Paper | S108: Joshuaton | T108: Pending | U108: Fraud | V108: 1 | W108: f6826601-5d60-41f2-b521-66fd8e3f7f81 | X108: 679b1a6d-c6be-4a34-ae32-189806970190 | Y108: DM098 | Z108: cm299 | AA108: 0.52 | AB108: 0.05 | AC108: Derived from original claim row: HasInsurance uses PatientEmploymentStatus/ClaimType/SubmissionMethod/Income/Age; CoveredByInsurance uses SourceClaimStatus + procedure sensitivity/high-cost + claim type + doctor pattern. | AD108: =IF(OR(C108="Có",C108="Yes"),"yes",IF(OR(C108="Không",C108="No"),"no","unknown")) | AE108: =IF(OR(F108="Có",F108="Yes"),"covered",IF(OR(F108="Không",F108="No"),"out_of_insurance","unknown")) | AF108: =IF(AND(AD108="yes",AE108="out_of_insurance"),"REVIEW","")
A109: ff88bf6f-8758-415d-928f-9177c3566843 | B109: BN-00108 / Patient 570E1FAE | C109: Có | D109: BS. Lâm Sơn | E109: Khám tổng quát / General Practice | F109: Chưa rõ | G109: 5236500 | H109: HIV Ag/Ab combo | I109: Z11.4 | J109: Sàng lọc HIV / HIV screening | K109: 22 | L109: F | M109: 114966.91 | N109: Married | O109: Student | P109: 45462 | Q109: Inpatient | R109: Phone | S109: Thompsonbury | T109: Denied | U109: Legitimate | V109: 0 | W109: 570e1fae-986a-4fb7-afc9-85c4ec1e7a6e | X109: 3d313d49-9d47-4e35-82b2-3483fbc6d391 | Y109: TQ555 | Z109: Um710 | AA109: 0.55 | AB109: 0.06 | AC109: Derived from original claim row: HasInsurance uses PatientEmploymentStatus/ClaimType/SubmissionMethod/Income/Age; CoveredByInsurance uses SourceClaimStatus + procedure sensitivity/high-cost + claim type + doctor pattern. | AD109: =IF(OR(C109="Có",C109="Yes"),"yes",IF(OR(C109="Không",C109="No"),"no","unknown")) | AE109: =IF(OR(F109="Có",F109="Yes"),"covered",IF(OR(F109="Không",F109="No"),"out_of_insurance","unknown")) | AF109: =IF(AND(AD109="yes",AE109="out_of_insurance"),"REVIEW","")
A110: a9b6d02a-d614-4caa-8062-b574619ba2b5 | B110: BN-00109 / Patient 3B34FA8F | C110: Không | D110: BS. Nguyễn Minh | E110: Tim mạch / Cardiology | F110: Không | G110: 4794720 | H110: Troponin I định lượng / Troponin I | I110: R07.9 | J110: Đau ngực nghi hội chứng mạch vành / Chest pain, ACS rule-out | K110: 14 | L110: M | M110: 63321.43 | N110: Divorced | O110: Unemployed | P110: 45462 | Q110: Outpatient | R110: Phone | S110: Tracyland | T110: Denied | U110: Legitimate | V110: 3 | W110: 3b34fa8f-ab96-412b-a7de-6592730f14d3 | X110: 0380a131-a181-470e-ab6d-8c9583442396 | Y110: TM821 | Z110: ZF797 | AA110: 0.48 | AB110: 0.05 | AC110: Derived from original claim row: HasInsurance uses PatientEmploymentStatus/ClaimType/SubmissionMethod/Income/Age; CoveredByInsurance uses SourceClaimStatus + procedure sensitivity/high-cost + claim type + doctor pattern. | AD110: =IF(OR(C110="Có",C110="Yes"),"yes",IF(OR(C110="Không",C110="No"),"no","unknown")) | AE110: =IF(OR(F110="Có",F110="Yes"),"covered",IF(OR(F110="Không",F110="No"),"out_of_insurance","unknown")) | AF110: =IF(AND(AD110="yes",AE110="out_of_insurance"),"REVIEW","")
A111: 76f72025-08c5-41a3-b1e6-2da0b1ccea95 | B111: BN-00110 / Patient 407B7D24 | C111: Có | D111: BS. Vũ Đức | E111: Chấn thương chỉnh hình / Orthopedics | F111: Không | G111: 1200000 | H111: Đo mật độ xương / Bone density scan | I111: M81.0 | J111: Loãng xương / Osteoporosis | K111: 79 | L111: F | M111: 134154.98 | N111: Married | O111: Student | P111: 45462 | Q111: Inpatient | R111: Phone | S111: Boylechester | T111: Pending | U111: Legitimate | V111: 2 | W111: 407b7d24-785e-404d-8ff3-c487141f61eb | X111: 8bcd3e8c-793c-4e2b-985e-3d03c4ea11e1 | Y111: ra469 | Z111: lD324 | AA111: 0.56 | AB111: 0.34 | AC111: Derived from original claim row: HasInsurance uses PatientEmploymentStatus/ClaimType/SubmissionMethod/Income/Age; CoveredByInsurance uses SourceClaimStatus + procedure sensitivity/high-cost + claim type + doctor pattern. | AD111: =IF(OR(C111="Có",C111="Yes"),"yes",IF(OR(C111="Không",C111="No"),"no","unknown")) | AE111: =IF(OR(F111="Có",F111="Yes"),"covered",IF(OR(F111="Không",F111="No"),"out_of_insurance","unknown")) | AF111: =IF(AND(AD111="yes",AE111="out_of_insurance"),"REVIEW","")
A112: 38636990-1dad-4656-a62e-ac30c76f7db6 | B112: BN-00111 / Patient 3FF8D271 | C112: Không | D112: BS. Đỗ Hạnh | E112: Nhi / Pediatrics | F112: Không | G112: 9813320 | H112: Glucose máu / Blood glucose | I112: R73.9 | J112: Tăng glucose máu / Hyperglycemia | K112: 18 | L112: M | M112: 26905.68 | N112: Divorced | O112: Student | P112: 45462 | Q112: Emergency | R112: Online | S112: New Carol | T112: Denied | U112: Fraud | V112: 1 | W112: 3ff8d271-6268-45ea-a2a1-0663e6f6d379 | X112: 5cf56f7c-a87a-4d0b-be95-e36a2066e1f2 | Y112: OX965 | Z112: Jj465 | AA112: 0.63 | AB112: 0.05 | AC112: Derived from original claim row: HasInsurance uses PatientEmploymentStatus/ClaimType/SubmissionMethod/Income/Age; CoveredByInsurance uses SourceClaimStatus + procedure sensitivity/high-cost + claim type + doctor pattern. | AD112: =IF(OR(C112="Có",C112="Yes"),"yes",IF(OR(C112="Không",C112="No"),"no","unknown")) | AE112: =IF(OR(F112="Có",F112="Yes"),"covered",IF(OR(F112="Không",F112="No"),"out_of_insurance","unknown")) | AF112: =IF(AND(AD112="yes",AE112="out_of_insurance"),"REVIEW","")
A113: 1aa69ed5-24fd-4db5-a616-a1f6af03249b | B113: BN-00112 / Patient 55172D8A | C113: Không | D113: BS. Nguyễn Minh | E113: Tim mạch / Cardiology | F113: Chưa rõ | G113: 5997230 | H113: Đông máu PT/aPTT / Coagulation test | I113: I24.9 | J113: Bệnh tim thiếu máu cục bộ cấp / Acute ischemic heart disease | K113: 88 | L113: M | M113: 149819.49 | N113: Divorced | O113: Unemployed | P113: 45462 | Q113: Routine | R113: Paper | S113: Port Williamport | T113: Denied | U113: Legitimate | V113: 2 | W113: 55172d8a-2ad7-4e5c-a04a-a992f6da04e7 | X113: 9fe57899-44d3-468a-9d0b-fdad221e798c | Y113: Pg144 | Z113: VB380 | AA113: 0.45 | AB113: 0.05 | AC113: Derived from original claim row: HasInsurance uses PatientEmploymentStatus/ClaimType/SubmissionMethod/Income/Age; CoveredByInsurance uses SourceClaimStatus + procedure sensitivity/high-cost + claim type + doctor pattern. | AD113: =IF(OR(C113="Có",C113="Yes"),"yes",IF(OR(C113="Không",C113="No"),"no","unknown")) | AE113: =IF(OR(F113="Có",F113="Yes"),"covered",IF(OR(F113="Không",F113="No"),"out_of_insurance","unknown")) | AF113: =IF(AND(AD113="yes",AE113="out_of_insurance"),"REVIEW","")
A114: ff661808-4864-4960-bea1-f16c685825e3 | B114: BN-00113 / Patient C842634E | C114: Chưa rõ | D114: BS. Trần An | E114: Chấn thương chỉnh hình / Orthopedics | F114: Không | G114: 4945580 | H114: MRI khớp gối / Knee MRI | I114: M25.5 | J114: Đau khớp gối / Knee pain | K114: 14 | L114: M | M114: 126674.94 | N114: Married | O114: Employed | P114: 45461 | Q114: Inpatient | R114: Phone | S114: East Leroyburgh | T114: Denied | U114: Legitimate | V114: 2 | W114: c842634e-4320-4bba-805c-b1b19b0ff7a3 | X114: 346ce5f8-8f6e-4e5d-84dd-a88cc4e10460 | Y114: uX298 | Z114: Bo381 | AA114: 0.69 | AB114: 0.15 | AC114: Derived from original claim row: HasInsurance uses PatientEmploymentStatus/ClaimType/SubmissionMethod/Income/Age; CoveredByInsurance uses SourceClaimStatus + procedure sensitivity/high-cost + claim type + doctor pattern. | AD114: =IF(OR(C114="Có",C114="Yes"),"yes",IF(OR(C114="Không",C114="No"),"no","unknown")) | AE114: =IF(OR(F114="Có",F114="Yes"),"covered",IF(OR(F114="Không",F114="No"),"out_of_insurance","unknown")) | AF114: =IF(AND(AD114="yes",AE114="out_of_insurance"),"REVIEW","")
... A125: cb06d888-c6e5-4370-89a0-ad68a402fc39 | B125: BN-00124 / Patient 47B1BA62 | C125: Không | D125: BS. Đặng Linh | E125: Thần kinh / Neurology | F125: Không | G125: 2668290 | H125: MRI não / Brain MRI | I125: G44.1 | J125: Hội chứng đau đầu mạch máu / Vascular headache | K125: 50 | L125: F | M125: 64521.78 | N125: Single | O125: Unemployed | P125: 45459 | Q125: Inpatient | R125: Online | S125: North Nicholas | T125: Denied | U125: Legitimate | V125: 3 | W125: 47b1ba62-5dff-4c71-8536-3ea9682b4d65 | X125: 2a6f34ae-ed15-4e6e-8c1f-c3a51008bb2e | Y125: RY228 | Z125: jh494 | AA125: 0.59 | AB125: 0.05 | AC125: Derived from original claim row: HasInsurance uses PatientEmploymentStatus/ClaimType/SubmissionMethod/Income/Age; CoveredByInsurance uses SourceClaimStatus + procedure sensitivity/high-cost + claim type + doctor pattern. | AD125: =IF(OR(C125="Có",C125="Yes"),"yes",IF(OR(C125="Không",C125="No"),"no","unknown")) | AE125: =IF(OR(F125="Có",F125="Yes"),"covered",IF(OR(F125="Không",F125="No"),"out_of_insurance","unknown")) | AF125: =IF(AND(AD125="yes",AE125="out_of_insurance"),"REVIEW","")
A126: fef2cbf1-12a0-4084-84a2-e73726cc52b1 | B126: BN-00125 / Patient 52C6EAC6 | C126: Có | D126: BS. Mai Thanh | E126: Thần kinh / Neurology | F126: Không | G126: 1595470 | H126: MRI não / Brain MRI | J126: Thiếu ICD/context rõ / Missing clear ICD/context | K126: 99 | L126: F | M126: 48798.53 | N126: Divorced | O126: Retired | P126: 45459 | Q126: Outpatient | R126: Online | S126: Vaughnville | T126: Denied | U126: Legitimate | V126: 1 | W126: 52c6eac6-8f1c-4031-aba5-3b2ca6210a87 | X126: 8a9cf501-8d36-4dcb-b6b2-8e277b7e00c6 | Y126: XQ042 | Z126: HE335 | AA126: 0.79 | AB126: 0.02 | AC126: Derived from original claim row: HasInsurance uses PatientEmploymentStatus/ClaimType/SubmissionMethod/Income/Age; CoveredByInsurance uses SourceClaimStatus + procedure sensitivity/high-cost + claim type + doctor pattern. | AD126: =IF(OR(C126="Có",C126="Yes"),"yes",IF(OR(C126="Không",C126="No"),"no","unknown")) | AE126: =IF(OR(F126="Có",F126="Yes"),"covered",IF(OR(F126="Không",F126="No"),"out_of_insurance","unknown")) | AF126: =IF(AND(AD126="yes",AE126="out_of_insurance"),"REVIEW","")
A127: 68207162-d8c4-456b-958b-30be2f77a76d | B127: BN-00126 / Patient 697A81C1 | C127: Không | D127: BS. Phan Gia | E127: Tim mạch / Cardiology | F127: Không | G127: 3436330 | H127: Troponin I định lượng / Troponin I | I127: R07.9 | J127: Đau ngực nghi hội chứng mạch vành / Chest pain, ACS rule-out | K127: 19 | L127: M | M127: 49964.33 | N127: Married | O127: Unemployed | P127: 45459 | Q127: Outpatient | R127: Phone | S127: North Jeff | T127: Approved | U127: Legitimate | V127: 1 | W127: 697a81c1-1335-4c0b-bcb5-bcd641cbdc1d | X127: 433557e3-e463-4e23-9612-4d218fbc56f9 | Y127: mN315 | Z127: up471 | AA127: 0.58 | AB127: 0.05 | AC127: Derived from original claim row: HasInsurance uses PatientEmploymentStatus/ClaimType/SubmissionMethod/Income/Age; CoveredByInsurance uses SourceClaimStatus + procedure sensitivity/high-cost + claim type + doctor pattern. | AD127: =IF(OR(C127="Có",C127="Yes"),"yes",IF(OR(C127="Không",C127="No"),"no","unknown")) | AE127: =IF(OR(F127="Có",F127="Yes"),"covered",IF(OR(F127="Không",F127="No"),"out_of_insurance","unknown")) | AF127: =IF(AND(AD127="yes",AE127="out_of_insurance"),"REVIEW","")
A128: 8435b51c-eb1f-400a-a74e-810049d04023 | B128: BN-00127 / Patient 2D3C7093 | C128: Có | D128: BS. Phạm Khoa | E128: Thần kinh / Neurology | F128: Chưa rõ | G128: 3202140 | H128: CT sọ não / Brain CT | I128: R51 | J128: Đau đầu chưa rõ nguyên nhân / Headache unspecified | K128: 95 | L128: M | M128: 98432.32 | N128: Widowed | O128: Employed | P128: 45459 | Q128: Outpatient | R128: Phone | S128: New John | T128: Pending | U128: Legitimate | V128: 0 | W128: 2d3c7093-4472-4726-9c6a-b8bcd4ce89d6 | X128: 57138a13-d6e0-48b9-ad83-e049c95af403 | Y128: SU773 | Z128: Mw290 | AA128: 0.79 | AB128: 0.02 | AC128: Derived from original claim row: HasInsurance uses PatientEmploymentStatus/ClaimType/SubmissionMethod/Income/Age; CoveredByInsurance uses SourceClaimStatus + procedure sensitivity/high-cost + claim type + doctor pattern. | AD128: =IF(OR(C128="Có",C128="Yes"),"yes",IF(OR(C128="Không",C128="No"),"no","unknown")) | AE128: =IF(OR(F128="Có",F128="Yes"),"covered",IF(OR(F128="Không",F128="No"),"out_of_insurance","unknown")) | AF128: =IF(AND(AD128="yes",AE128="out_of_insurance"),"REVIEW","")
A129: 1fee12ff-ff59-4129-8ad1-9fdba39e9f07 | B129: BN-00128 / Patient BDD2C031 | C129: Có | D129: BS. Cao Vy | E129: Khám tổng quát / General Practice | F129: Có | G129: 823510 | H129: HIV test nhanh / Rapid HIV test | I129: Z11.4 | J129: Sàng lọc HIV / HIV screening | K129: 39 | L129: M | M129: 137181.99 | N129: Single | O129: Retired | P129: 45459 | Q129: Emergency | R129: Phone | S129: South William | T129: Approved | U129: Legitimate | V129: 2 | W129: bdd2c031-c2e6-4787-ab6e-8fa17f86d407 | X129: fe22f498-f23a-4c65-a11c-2ba3c6d120b5 | Y129: xY071 | Z129: WY197 | AA129: 0.79 | AB129: 0.82 | AC129: Derived from original claim row: HasInsurance uses PatientEmploymentStatus/ClaimType/SubmissionMethod/Income/Age; CoveredByInsurance uses SourceClaimStatus + procedure sensitivity/high-cost + claim type + doctor pattern. | AD129: =IF(OR(C129="Có",C129="Yes"),"yes",IF(OR(C129="Không",C129="No"),"no","unknown")) | AE129: =IF(OR(F129="Có",F129="Yes"),"covered",IF(OR(F129="Không",F129="No"),"out_of_insurance","unknown")) | AF129: =IF(AND(AD129="yes",AE129="out_of_insurance"),"REVIEW","")
A130: 49730f39-7e44-4f1e-a822-b4f66eeebbc3 | B130: BN-00129 / Patient 8BEECED4 | C130: Có | D130: BS. Võ Huy | E130: Chấn thương chỉnh hình / Orthopedics | F130: Không | G130: 5215310 | H130: MRI khớp gối / Knee MRI | I130: M25.5 | J130: Đau khớp gối / Knee pain | K130: 9 | L130: M | M130: 45186.06 | N130: Married | O130: Retired | P130: 45459 | Q130: Outpatient | R130: Online | S130: North Patriciaberg | T130: Pending | U130: Legitimate | V130: 1 | W130: 8beeced4-f8f1-4c7c-b5cc-096aff585b62 | X130: 389f29c0-82c8-4b4c-9e9e-45e649ca35b8 | Y130: zW277 | Z130: Hk254 | AA130: 0.78 | AB130: 0.16 | AC130: Derived from original claim row: HasInsurance uses PatientEmploymentStatus/ClaimType/SubmissionMethod/Income/Age; CoveredByInsurance uses SourceClaimStatus + procedure sensitivity/high-cost + claim type + doctor pattern. | AD130: =IF(OR(C130="Có",C130="Yes"),"yes",IF(OR(C130="Không",C130="No"),"no","unknown")) | AE130: =IF(OR(F130="Có",F130="Yes"),"covered",IF(OR(F130="Không",F130="No"),"out_of_insurance","unknown")) | AF130: =IF(AND(AD130="yes",AE130="out_of_insurance"),"REVIEW","")
A131: c05688fa-c094-4d64-9c3b-fa718d57ff6c | B131: BN-00130 / Patient 7EFF4E67 | C131: Có | D131: BS. Lưu Quang | E131: Thần kinh / Neurology | F131: Không | G131: 1200000 | H131: CT sọ não / Brain CT | I131: R51 | J131: Đau đầu chưa rõ nguyên nhân / Headache unspecified | K131: 76 | L131: M | M131: 35321.81 | N131: Married | O131: Retired | P131: 45459 | Q131: Outpatient | R131: Phone | S131: North Patricia | T131: Denied | U131: Legitimate | V131: 1 | W131: 7eff4e67-03da-49e7-bbcb-f0e81fd5029e | X131: eb6ce87f-b44b-4eab-9bc8-6520d5e876ee | Y131: qy991 | Z131: IO335 | AA131: 0.79 | AB131: 0.02 | AC131: Derived from original claim row: HasInsurance uses PatientEmploymentStatus/ClaimType/SubmissionMethod/Income/Age; CoveredByInsurance uses SourceClaimStatus + procedure sensitivity/high-cost + claim type + doctor pattern. | AD131: =IF(OR(C131="Có",C131="Yes"),"yes",IF(OR(C131="Không",C131="No"),"no","unknown")) | AE131: =IF(OR(F131="Có",F131="Yes"),"covered",IF(OR(F131="Không",F131="No"),"out_of_insurance","unknown")) | AF131: =IF(AND(AD131="yes",AE131="out_of_insurance"),"REVIEW","")
A132: 86bc606c-7e6d-4414-882f-0fb50de598ae | B132: BN-00131 / Patient 2506D823 | C132: Có | D132: BS. Lưu Quang | E132: Thần kinh / Neurology | F132: Không | G132: 1200000 | H132: CT đánh giá đột quỵ / Stroke CT | I132: I63.9 | J132: Nhồi máu não / Cerebral infarction | K132: 12 | L132: F | M132: 107154.02 | N132: Single | O132: Retired | P132: 45459 | Q132: Routine | R132: Phone | S132: Warnerstad | T132: Denied | U132: Legitimate | V132: 0 | W132: 2506d823-3cd8-469d-ac38-d22ee343642b | X132: 51b684ed-6aba-4f2b-994a-0c56952413a9 | Y132: bu026 | Z132: Gm399 | AA132: 0.7 | AB132: 0.02 | AC132: Derived from original claim row: HasInsurance uses PatientEmploymentStatus/ClaimType/SubmissionMethod/Income/Age; CoveredByInsurance uses SourceClaimStatus + procedure sensitivity/high-cost + claim type + doctor pattern. | AD132: =IF(OR(C132="Có",C132="Yes"),"yes",IF(OR(C132="Không",C132="No"),"no","unknown")) | AE132: =IF(OR(F132="Có",F132="Yes"),"covered",IF(OR(F132="Không",F132="No"),"out_of_insurance","unknown")) | AF132: =IF(AND(AD132="yes",AE132="out_of_insurance"),"REVIEW","")
A133: 5d1e401e-de8c-4409-bd21-e386419cb3af | B133: BN-00132 / Patient 60501E81 | C133: Có | D133: BS. Vũ Đức | E133: Chấn thương chỉnh hình / Orthopedics | F133: Không | G133: 3217690 | H133: CT cột sống thắt lưng / Lumbar spine CT | I133: M54.5 | J133: Đau thắt lưng / Low back pain | K133: 84 | L133: F | M133: 146282.24 | N133: Widowed | O133: Retired | P133: 45459 | Q133: Outpatient | R133: Phone | S133: South Kimberly | T133: Denied | U133: Legitimate | V133: 2 | W133: 60501e81-74a3-4acb-8358-41b377169d86 | X133: 0ef3970d-0f1e-471e-b9be-85a30db39145 | Y133: cM762 | Z133: Ru651 | AA133: 0.67 | AB133: 0.02 | AC133: Derived from original claim row: HasInsurance uses PatientEmploymentStatus/ClaimType/SubmissionMethod/Income/Age; CoveredByInsurance uses SourceClaimStatus + procedure sensitivity/high-cost + claim type + doctor pattern. | AD133: =IF(OR(C133="Có",C133="Yes"),"yes",IF(OR(C133="Không",C133="No"),"no","unknown")) | AE133: =IF(OR(F133="Có",F133="Yes"),"covered",IF(OR(F133="Không",F133="No"),"out_of_insurance","unknown")) | AF133: =IF(AND(AD133="yes",AE133="out_of_insurance"),"REVIEW","")
A134: 23559421-8cbd-43f8-8485-cd51beef5a34 | B134: BN-00133 / Patient A08C601C | C134: Có | D134: BS. Phan Gia | E134: Tim mạch / Cardiology | F134: Không | G134: 6219740 | H134: Siêu âm tim / Echocardiography | I134: I50.9 | J134: Suy tim / Heart failure | K134: 5 | L134: M | M134: 55808.07 | N134: Married | O134: Employed | P134: 45458 | Q134: Emergency | R134: Online | S134: East Lee | T134: Pending | U134: Legitimate | V134: 3 | W134: a08c601c-d7c9-41d6-b8e8-94d18db047c9 | X134: 0dc7559d-929c-4f4d-96ca-e6fb0ad25b9d | Y134: at960 | Z134: tW408 | AA134: 0.85 | AB134: 0.4 | AC134: Derived from original claim row: HasInsurance uses PatientEmploymentStatus/ClaimType/SubmissionMethod/Income/Age; CoveredByInsurance uses SourceClaimStatus + procedure sensitivity/high-cost + claim type + doctor pattern. | AD134: =IF(OR(C134="Có",C134="Yes"),"yes",IF(OR(C134="Không",C134="No"),"no","unknown")) | AE134: =IF(OR(F134="Có",F134="Yes"),"covered",IF(OR(F134="Không",F134="No"),"out_of_insurance","unknown")) | AF134: =IF(AND(AD134="yes",AE134="out_of_insurance"),"REVIEW","")
...

Sheet README
A1: Over-Ordering Sentinel MVP - Large source-based sample
A3: Mục đích / Purpose
A4: File này mở rộng từ file overordering mẫu cũ và dùng toàn bộ logic nguồn của file Health Insurance Fraud Claims để tạo dataset lớn hơn.
A5: Sheet cần chọn trong app / Sheet to select in app | B5: Data
A7: Luồng nghiệp vụ / Business logic
A8: App phải lọc HasInsurance = Có trước, sau đó trong nhóm đó mới thống kê CoveredByInsurance = Không.
A9: HasInsurance = bệnh nhân có bảo hiểm hay không. CoveredByInsurance = từng chỉ định có được bảo hiểm chi trả hay không.
A11: Nguồn dữ liệu / Data origin
A12: 4500 dòng được lấy/adapt từ file gốc Health Insurance Fraud Claims: ClaimID, PatientID, ProviderID, ClaimAmount, ClaimDate, DiagnosisCode, ProcedureCode, PatientAge, PatientGender, ProviderSpecialty, ClaimStatus, PatientIncome, PatientMaritalStatus, PatientEmploymentStatus, ProviderLocation, ClaimType, ClaimSubmissionMethod, Cluster, ClaimLegitimacy.
A13: Các cột chuẩn của app được suy luận có kiểm soát từ dữ liệu gốc: HasInsurance từ hồ sơ bệnh nhân; CoveredByInsurance từ trạng thái claim + loại dịch vụ + nhạy cảm/chi phí cao + mẫu bác sĩ.
A15: Lưu ý an toàn / Safety note
A16: Đây là dataset demo để kiểm thử logic phân tích, không dùng để kết luận sai phạm thật.

Sheet Data_Dictionary
A1: Column | B1: Required | C1: Meaning | D1: Derivation / Source
A2: Mã hồ sơ / ClaimID | B2: Recommended | C2: Mã hồ sơ/chỉ định. | D2: Giữ từ ClaimID nguồn.
A3: Tên bệnh nhân / PatientName | B3: Required | C3: Định danh bệnh nhân trong demo. | D3: Tạo từ PatientID nguồn + số dòng để dễ đọc.
A4: Có bảo hiểm / HasInsurance | B4: Required | C4: Bệnh nhân có bảo hiểm hay không. | D4: Suy luận từ EmploymentStatus, ClaimType, ClaimSubmissionMethod, Income, Age, ClaimStatus. Không lấy trực tiếp từ CoveredByInsurance.
A5: Tên bác sĩ / DoctorName | B5: Required | C5: Bác sĩ/người chỉ định. | D5: Tạo bút danh từ ProviderSpecialty + ProviderID để có bác sĩ lặp lại và có thể group.
A6: Khoa / Department | B6: Recommended | C6: Khoa/chuyên khoa. | D6: Dịch từ ProviderSpecialty nguồn.
A7: Trong bảo hiểm / CoveredByInsurance | B7: Required | C7: Từng chỉ định có được bảo hiểm chi trả hay không. | D7: Suy luận từ SourceClaimStatus + procedure sensitivity/high-cost + ClaimType + doctor pattern.
A8: Số tiền yêu cầu thanh toán VND / ClaimAmountVND | B8: Recommended | C8: Chi phí yêu cầu thanh toán. | D8: ClaimAmount nguồn × 1000, có ngưỡng tối thiểu cho dịch vụ nhạy cảm/chi phí cao.
A9: Tên dịch vụ / ProcedureName | B9: Recommended | C9: Tên xét nghiệm/thủ thuật/dịch vụ. | D9: Tạo từ ProviderSpecialty + ProcedureCode + ClaimStatus/ClaimType.
A10: Mã ICD10 / DiagnosisCode | B10: Recommended | C10: ICD/context chính. | D10: Tạo ICD hợp lý theo dịch vụ; một số case ngoài BH cố ý thiếu ICD để test Tool 04.
A11: Chẩn đoán / DiagnosisName | B11: Recommended | C11: Tên chẩn đoán/context. | D11: Tạo theo dịch vụ và ICD.
A12: Formula has_insurance_status | B12: Optional | C12: Công thức Excel mô phỏng normalize HasInsurance. | D12: Công thức trên cột C.
... A14: Formula review_flag | B14: Optional | C14: Flag BN có BH + ngoài BH. | D14: IF has_insurance_status=yes AND covered_status=out_of_insurance.

Sheet Derivation_Rules
A1: Rule block | B1: Logic used | C1: Why this makes data more realistic
A2: HasInsurance inference | B2: Probability score uses PatientEmploymentStatus, ClaimType, ClaimSubmissionMethod, PatientIncome, PatientAge, SourceClaimStatus. | C2: Insurance status belongs to patient, not to a single procedure. It is not copied from CoveredByInsurance.
A3: CoveredByInsurance inference | B3: Approved claims tend toward Có; Denied claims tend toward Không; Pending tends toward Chưa rõ/Không. Adjusted by high-cost/sensitive procedures, emergency/inpatient context, doctor pattern. | C3: Coverage status belongs to each order/procedure and may vary across rows.
A4: Doctor grouping | B4: ProviderID is converted into repeated pseudonymous doctors inside each ProviderSpecialty. | C4: Creates meaningful by-doctor aggregation instead of thousands of one-row providers.
A5: Procedure generation | B5: ProviderSpecialty + ProcedureCode + ClaimStatus + ClaimType select realistic procedure pools: MRI, CT, HIV, Glucose, HbA1c, Troponin, CRP, Coagulation, etc. | C5: Supports Tool 03 high-cost/sensitive review and Tool 04 ICD/context checks.
A6: ICD/context signal | B6: Most rows receive plausible ICD. Some insured + out-of-insurance + sensitive rows intentionally have blank ICD/context. | C6: Creates a test set for Required ICD Flags without claiming real clinical truth.
A7: Formula columns | B7: Columns AD-AF contain Excel formulas for normalized status and review flag. | C7: Allows manual verification of app logic inside Excel.

Sheet Expected_Check
A1: Metric | B1: Excel formula | C1: Static expected value | D1: Purpose
A2: Total rows | B2: =ROWS(Data!A2:A4501) | C2: 4500 | D2: Tổng số dòng chỉ định.
A3: Total patients | B3: =COUNTA(UNIQUE(Data!B2:B4501)) | C3: 4500 | D3: Số bệnh nhân trong file.
A4: Insured patients | B4: =COUNTA(UNIQUE(FILTER(Data!B2:B4501,Data!C2:C4501="Có"))) | C4: 3002 | D4: Bệnh nhân có bảo hiểm.
A5: Orders for insured | B5: =COUNTIF(Data!C2:C4501,"Có") | C5: 3002 | D5: Dòng chỉ định của BN có BH.
A6: Covered orders in insured | B6: =COUNTIFS(Data!C2:C4501,"Có",Data!F2:F4501,"Có") | C6: 918 | D6: Chỉ định được bảo hiểm chi trả.
A7: Out-of-insurance orders in insured | B7: =COUNTIFS(Data!C2:C4501,"Có",Data!F2:F4501,"Không") | C7: 1547 | D7: Chỉ định ngoài bảo hiểm trong nhóm BN có BH.
A8: Unknown coverage in insured | B8: =COUNTIFS(Data!C2:C4501,"Có",Data!F2:F4501,"Chưa rõ") | C8: 537 | D8: Trạng thái chi trả chưa rõ trong nhóm BN có BH.
A9: Out-of-insurance amount VND | B9: =SUMIFS(Data!G2:G4501,Data!C2:C4501,"Có",Data!F2:F4501,"Không") | C9: 7886905920 | D9: Chi phí ngoài BH trong nhóm BN có BH.
A10: Review flags | B10: =COUNTIF(Data!AF2:AF4501,"REVIEW") | C10: 1547 | D10: Flag formula trong Data.

Sheet Source_Profile
A1: Original field | B1: Value | C1: Count
A2: ProviderSpecialty | B2: Nhi / Pediatrics | C2: 955
A3: ProviderSpecialty | B3: Tim mạch / Cardiology | C3: 907
A4: ProviderSpecialty | B4: Chấn thương chỉnh hình / Orthopedics | C4: 893
A5: ProviderSpecialty | B5: Khám tổng quát / General Practice | C5: 880
A6: ProviderSpecialty | B6: Thần kinh / Neurology | C6: 865
A7: ClaimStatus | B7: Approved | C7: 1522
A8: ClaimStatus | B8: Denied | C8: 1512
A9: ClaimStatus | B9: Pending | C9: 1466
A10: ClaimType | B10: Outpatient | C10: 1152
A11: ClaimType | B11: Routine | C11: 1149
A12: ClaimType | B12: Inpatient | C12: 1128
A13: ClaimType | B13: Emergency | C13: 1071
... A22: ClaimLegitimacy | B22: Fraud | C22: 270

Sheet Dashboard
A1: Over-Ordering Sentinel MVP - Large Source-Based Dataset
A3: Key metric | B3: Value
A4: Total rows | B4: 4500
A5: Insured patients | B5: 3002
A6: Orders for insured | B6: 3002
A7: Covered orders in insured | B7: 918
A8: Out-of-insurance orders in insured | B8: 1547
A9: Unknown coverage in insured | B9: 537
